"LOANNO","DUECD","DUEDT","DUEAMT","DUEPD"
"1000214720","CCF","22-Jul-2022 12:00:00 AM","1000","0"
"1000218124","BC ","22-Jul-2022 12:00:00 AM","20","20"
"1000203791","CCF","22-Jul-2022 12:00:00 AM","1000","1000"
"1000213523","CCF","22-Jul-2022 12:00:00 AM","1000","1000"
"1000209749","INS","25-Jul-2022 12:00:00 AM","10348.2","0"
"1000216365","INS","25-Jul-2022 12:00:00 AM","20887.5","20887.5"
"1000203872","CCF","26-Jul-2022 12:00:00 AM","1000","1000"
"1000218124","CBR","22-Jul-2022 12:00:00 AM","2182.5","2182.5"
"1000210569","CCF","25-Jul-2022 12:00:00 AM","200","0"
"1000210569","CFR","25-Jul-2022 12:00:00 AM","343.44","0"
"1000211956","CCF","25-Jul-2022 12:00:00 AM","200","0"
"1000211956","CFR","25-Jul-2022 12:00:00 AM","1312.5","0"
"1000213491","INS","25-Jul-2022 12:00:00 AM","31892.2","31892.2"
"1000216149","CCF","26-Jul-2022 12:00:00 AM","1000","0"
"1000216246","INT","30-Jul-2022 12:00:00 AM","2709.13","2709.13"
"1000216341","PRI","30-Jul-2022 12:00:00 AM","6509.36","6509.36"
"1000216341","INT","30-Jul-2022 12:00:00 AM","6194.64","6194.64"
"1000216372","PRI","30-Jul-2022 12:00:00 AM","12599.47","12599.47"
"1000216372","INT","30-Jul-2022 12:00:00 AM","11987.53","11987.53"
"1000216393","PRI","30-Jul-2022 12:00:00 AM","13076.01","13076.01"
"1000216393","INT","30-Jul-2022 12:00:00 AM","10582.99","10582.99"
"1000216417","PRI","15-Jul-2022 12:00:00 AM","2193.84","2193.84"
"1000216417","INT","15-Jul-2022 12:00:00 AM","284.16","284.16"
"1000216505","PRI","15-Jul-2022 12:00:00 AM","2162.27","2162.27"
"1000216505","INT","15-Jul-2022 12:00:00 AM","315.73","315.73"
"1000216572","PRI","31-Jul-2022 12:00:00 AM","6009.56","6009.56"
"1000216572","INT","31-Jul-2022 12:00:00 AM","7952.44","7952.44"
"1000216697","PRI","31-Jul-2022 12:00:00 AM","15912.4","15912.4"
"1000216697","INT","31-Jul-2022 12:00:00 AM","5997.6","5997.6"
"1000216765","PRI","31-Jul-2022 12:00:00 AM","6085.39","6085.39"
"1000216765","INT","31-Jul-2022 12:00:00 AM","6208.61","6208.61"
"1000212796","PRI","30-Jul-2022 12:00:00 AM","20681.67","20681.67"
"1000212796","INT","30-Jul-2022 12:00:00 AM","9985.33","9985.33"
"1000212835","PRI","30-Jul-2022 12:00:00 AM","5823.1","5823.1"
"1000212835","INT","30-Jul-2022 12:00:00 AM","5612.9","5612.9"
"1000212854","PRI","30-Jul-2022 12:00:00 AM","6403.86","6403.86"
"1000212854","INT","30-Jul-2022 12:00:00 AM","3653.14","3653.14"
"1000212871","PRI","30-Jul-2022 12:00:00 AM","9323.13","9323.13"
"1000212871","INT","30-Jul-2022 12:00:00 AM","4609.87","4609.87"
"1000212982","PRI","31-Jul-2022 12:00:00 AM","4462.07","4462.07"
"1000212982","INT","31-Jul-2022 12:00:00 AM","2727.93","2727.93"
"1000213037","PRI","31-Jul-2022 12:00:00 AM","61355.16","61355.16"
"1000213037","INT","31-Jul-2022 12:00:00 AM","9075.84","9075.84"
"1000213054","PRI","31-Jul-2022 12:00:00 AM","4197.93","4197.93"
"1000213054","INT","31-Jul-2022 12:00:00 AM","4311.07","4311.07"
"1000213408","PRI","30-Jul-2022 12:00:00 AM","23381.08","23381.08"
"1000213408","INT","30-Jul-2022 12:00:00 AM","13598.92","13598.92"
"1000213438","PRI","30-Jul-2022 12:00:00 AM","8707.93","8707.93"
"1000213438","INT","30-Jul-2022 12:00:00 AM","5020.07","5020.07"
"1000213491","PRI","30-Jul-2022 12:00:00 AM","20795.09","20795.09"
"1000213491","INT","30-Jul-2022 12:00:00 AM","11987.91","11987.91"
"1000213693","PRI","31-Jul-2022 12:00:00 AM","5258.22","5258.22"
"1000213693","INT","31-Jul-2022 12:00:00 AM","3265.78","3265.78"
"1000213753","PRI","31-Jul-2022 12:00:00 AM","7863.27","7863.27"
"1000213753","INT","31-Jul-2022 12:00:00 AM","4700.73","4700.73"
"1000213976","PRI","30-Jul-2022 12:00:00 AM","8411.26","8411.26"
"1000213976","INT","30-Jul-2022 12:00:00 AM","5280.74","5280.74"
"1000214098","PRI","30-Jul-2022 12:00:00 AM","17225.98","17225.98"
"1000214098","INT","30-Jul-2022 12:00:00 AM","1856.02","1856.02"
"1000214119","PRI","30-Jul-2022 12:00:00 AM","5495.19","5495.19"
"1000214119","INT","30-Jul-2022 12:00:00 AM","3417.81","3417.81"
"1000214350","PRI","31-Jul-2022 12:00:00 AM","28926.3","28926.3"
"1000214350","INT","31-Jul-2022 12:00:00 AM","19230.7","19230.7"
"1000214441","PRI","31-Jul-2022 12:00:00 AM","7592.16","7592.16"
"1000214441","INT","31-Jul-2022 12:00:00 AM","2211.84","2211.84"
"1000214479","PRI","31-Jul-2022 12:00:00 AM","13882","13882"
"1000214479","INT","31-Jul-2022 12:00:00 AM","3168","3168"
"1000214481","PRI","31-Jul-2022 12:00:00 AM","9288.16","9288.16"
"1000214481","INT","31-Jul-2022 12:00:00 AM","2915.84","2915.84"
"1000214638","PRI","31-Jul-2022 12:00:00 AM","16918.84","16918.84"
"1000214638","INT","31-Jul-2022 12:00:00 AM","4052.16","4052.16"
"1000214927","PRI","30-Jul-2022 12:00:00 AM","12688.78","12688.78"
"1000214927","INT","30-Jul-2022 12:00:00 AM","17941.22","17941.22"
"1000215187","PRI","30-Jul-2022 12:00:00 AM","22346.79","22346.79"
"1000215187","INT","30-Jul-2022 12:00:00 AM","4516.21","4516.21"
"1000215338","PRI","30-Jul-2022 12:00:00 AM","13272.04","13272.04"
"1000215338","INT","30-Jul-2022 12:00:00 AM","11093.96","11093.96"
"1000215590","PRI","30-Jul-2022 12:00:00 AM","11015.96","11015.96"
"1000215590","INT","30-Jul-2022 12:00:00 AM","8515.04","8515.04"
"1000215634","PRI","30-Jul-2022 12:00:00 AM","9418.96","9418.96"
"1000215634","INT","30-Jul-2022 12:00:00 AM","7792.04","7792.04"
"1000215657","PRI","30-Jul-2022 12:00:00 AM","9842.48","9842.48"
"1000215657","INT","30-Jul-2022 12:00:00 AM","3803.52","3803.52"
"1000215931","PRI","31-Jul-2022 12:00:00 AM","13803.14","13803.14"
"1000215931","INT","31-Jul-2022 12:00:00 AM","13948.86","13948.86"
"1000216061","PRI","15-Jul-2022 12:00:00 AM","4576.6","4576.6"
"1000216061","INT","15-Jul-2022 12:00:00 AM","378.4","378.4"
"1000216085","PRI","31-Jul-2022 12:00:00 AM","6847.4","6847.4"
"1000216085","INT","31-Jul-2022 12:00:00 AM","2915.6","2915.6"
"1000216186","PRI","15-Jul-2022 12:00:00 AM","4431.39","4431.39"
"1000216186","INT","15-Jul-2022 12:00:00 AM","470.61","470.61"
"1000216226","PRI","30-Jul-2022 12:00:00 AM","48638.21","48638.21"
"1000216226","INT","30-Jul-2022 12:00:00 AM","4487.79","4487.79"
"1000216236","PRI","30-Jul-2022 12:00:00 AM","7813.56","7813.56"
"1000216236","INT","30-Jul-2022 12:00:00 AM","3709.44","3709.44"
"1000216246","PRI","30-Jul-2022 12:00:00 AM","33359.87","33359.87"
"1000214654","CCF","21-Jul-2022 12:00:00 AM","1000","0"
"1000213438","INS","21-Jul-2022 12:00:00 AM","12351.15","12351.15"
"1000216149","PRI","22-Jul-2022 12:00:00 AM","7139.51","0"
"1000216149","INT","22-Jul-2022 12:00:00 AM","6793.49","0"
"1000215736","PRI","22-Jul-2022 12:00:00 AM","8142.19","8142.19"
"1000215736","INT","22-Jul-2022 12:00:00 AM","7224.81","7224.81"
"1000217940","PRI","22-Jul-2022 12:00:00 AM","12193.38","12193.38"
"1000217940","INT","22-Jul-2022 12:00:00 AM","15541.62","15541.62"
"1000213408","INS","21-Jul-2022 12:00:00 AM","32913.64","32913.64"
"1000211549","PRI","22-Jul-2022 12:00:00 AM","16897.48","16897.48"
"1000211549","INT","22-Jul-2022 12:00:00 AM","1125.52","1125.52"
"1000214228","PRI","22-Jul-2022 12:00:00 AM","6249.36","6249.36"
"1000214228","INT","22-Jul-2022 12:00:00 AM","4487.64","4487.64"
"1000210071","PRI","22-Jul-2022 12:00:00 AM","15433.98","0"
"1000210071","INT","22-Jul-2022 12:00:00 AM","2701.02","0"
"1000215745","PRI","22-Jul-2022 12:00:00 AM","19541.62","19541.62"
"1000215745","INT","22-Jul-2022 12:00:00 AM","17338.38","17338.38"
"1000218452","PRI","22-Jul-2022 12:00:00 AM","3579.71","3579.71"
"1000218452","INT","22-Jul-2022 12:00:00 AM","5065.29","5065.29"
"1000214846","CCF","04-Jul-2022 12:00:00 AM","500","500"
"1000208611","CCF","04-Jul-2022 12:00:00 AM","1000","1000"
"1000215642","CCF","04-Jul-2022 12:00:00 AM","1000","1000"
"1000204844","PRI","27-Jul-2022 12:00:00 AM","15433.45","15433.45"
"1000216988","PRI","15-Jul-2022 12:00:00 AM","2099.12","2099.12"
"1000216988","INT","15-Jul-2022 12:00:00 AM","378.88","378.88"
"1000216988","PRI","30-Jul-2022 12:00:00 AM","2130.69","2130.69"
"1000216988","INT","30-Jul-2022 12:00:00 AM","347.31","347.31"
"1000213331","PRI","26-Jul-2022 12:00:00 AM","10077.2","10077.2"
"1000213331","INT","26-Jul-2022 12:00:00 AM","11023.8","11023.8"
"1000206391","PRI","28-Jul-2022 12:00:00 AM","694.75","694.75"
"1000206391","INT","28-Jul-2022 12:00:00 AM",".25",".25"
"1000210259","PRI","28-Jul-2022 12:00:00 AM","6674.45","6024.04"
"1000210259","INT","28-Jul-2022 12:00:00 AM","2997.55","2997.55"
"1000215436","PRI","18-Jul-2022 12:00:00 AM","6799.11","6799.11"
"1000215436","INT","18-Jul-2022 12:00:00 AM","6377.89","6377.89"
"1000212194","PEN","31-Jul-2022 12:00:00 AM","70.54","70.54"
"1000213454","PEN","30-Jul-2022 12:00:00 AM","322.54","322.54"
"1000210135","PEN","06-Jul-2022 12:00:00 AM","0","0"
"1000209773","PEN","28-Jul-2022 12:00:00 AM","963.51","963.51"
"1000215642","PEN","30-Jul-2022 12:00:00 AM","360.62","360.62"
"1000207304","PEN","30-Jul-2022 12:00:00 AM","23.72","23.72"
"1000210372","PEN","31-Jul-2022 12:00:00 AM","344.58","344.58"
"1000215988","PEN","31-Jul-2022 12:00:00 AM","452.19","452.19"
"1000209587","PEN","30-Jul-2022 12:00:00 AM","246.29","246.29"
"1000217278","CCF","04-Jul-2022 12:00:00 AM","1000","1000"
"1000215467","PRI","15-Jul-2022 12:00:00 AM","4774.13","0"
"1000215467","INT","15-Jul-2022 12:00:00 AM","285.87","0"
"1000218124","PRI","31-Jul-2022 12:00:00 AM","4030","4030"
"1000218124","INT","31-Jul-2022 12:00:00 AM","820","820"
"1000207011","PRI","26-Jul-2022 12:00:00 AM","14553.9","0"
"1000207011","INT","26-Jul-2022 12:00:00 AM","276.1","0"
"1000218551","PRI","26-Jul-2022 12:00:00 AM","8251.04","8251.04"
"1000218551","INT","26-Jul-2022 12:00:00 AM","15241.96","15241.96"
"1000218502","PRI","26-Jul-2022 12:00:00 AM","8854.78","8854.78"
"1000218502","INT","26-Jul-2022 12:00:00 AM","16357.22","16357.22"
"1000218694","PRI","26-Jul-2022 12:00:00 AM","8414.76","8414.76"
"1000218694","INT","26-Jul-2022 12:00:00 AM","12790.24","12790.24"
"1000216492","PRI","26-Jul-2022 12:00:00 AM","14770.07","14770.07"
"1000216492","INT","26-Jul-2022 12:00:00 AM","7164.93","7164.93"
"1000216627","PRI","15-Jul-2022 12:00:00 AM","3259","3259"
"1000216627","INT","15-Jul-2022 12:00:00 AM","536","536"
"1000206600","PRI","25-Jul-2022 12:00:00 AM","22163.27","22163.27"
"1000206600","INT","25-Jul-2022 12:00:00 AM","4976.73","4976.73"
"1000208874","PRI","31-Jul-2022 12:00:00 AM","6162.41","6162.41"
"1000208874","INT","31-Jul-2022 12:00:00 AM","2162.59","2162.59"
"1000209641","PRI","22-Jul-2022 12:00:00 AM","13151.05","13151.05"
"1000209641","INT","22-Jul-2022 12:00:00 AM","1748.95","1748.95"
"1000209749","PRI","25-Jul-2022 12:00:00 AM","15869.02","15869.02"
"1000209749","INT","25-Jul-2022 12:00:00 AM","1999.98","1999.98"
"1000210194","PRI","22-Jul-2022 12:00:00 AM","16222.74","16222.74"
"1000210194","INT","22-Jul-2022 12:00:00 AM","7286.26","7286.26"
"1000213908","PRI","22-Jul-2022 12:00:00 AM","12140.81","12140.81"
"1000213908","INT","22-Jul-2022 12:00:00 AM","15086.19","15086.19"
"1000216272","PRI","15-Jul-2022 12:00:00 AM","4450.47","4450.47"
"1000216272","INT","15-Jul-2022 12:00:00 AM","504.53","504.53"
"1000216879","PRI","22-Jul-2022 12:00:00 AM","7956.9","7956.9"
"1000216879","INT","22-Jul-2022 12:00:00 AM","6779.1","6779.1"
"1000211441","PRI","13-Jul-2022 12:00:00 AM","583.26","583.26"
"1000211441","INT","13-Jul-2022 12:00:00 AM",".74",".74"
"1000207401","PRI","22-Jul-2022 12:00:00 AM","14396.9","0"
"1000207401","INT","22-Jul-2022 12:00:00 AM","3918.1","0"
"1000210224","INT","26-Jul-2022 12:00:00 AM","2394.56","2394.56"
"1000210241","PRI","28-Jul-2022 12:00:00 AM","8702.52","8702.52"
"1000210241","INT","28-Jul-2022 12:00:00 AM","1339.48","1339.48"
"1000210623","PRI","25-Jul-2022 12:00:00 AM","6570","6570"
"1000210623","INT","25-Jul-2022 12:00:00 AM","3170","3170"
"1000210984","PRI","28-Jul-2022 12:00:00 AM","28461.96","28461.96"
"1000210984","INT","28-Jul-2022 12:00:00 AM","551.04","551.04"
"1000211425","PRI","30-Jul-2022 12:00:00 AM","10424.77","10424.77"
"1000211425","INT","30-Jul-2022 12:00:00 AM","541.23","541.23"
"1000211581","PRI","25-Jul-2022 12:00:00 AM","22200.4","22200.4"
"1000211581","INT","25-Jul-2022 12:00:00 AM","1089.6","1089.6"
"1000213320","PRI","26-Jul-2022 12:00:00 AM","8916.17","8916.17"
"1000213320","INT","26-Jul-2022 12:00:00 AM","5370.83","5370.83"
"1000213441","PRI","30-Jul-2022 12:00:00 AM","17415.86","17415.86"
"1000213441","INT","30-Jul-2022 12:00:00 AM","10040.14","10040.14"
"1000213553","PRI","27-Jul-2022 12:00:00 AM","19935.4","19935.4"
"1000213553","INT","27-Jul-2022 12:00:00 AM","4741.6","4741.6"
"1000216164","PRI","26-Jul-2022 12:00:00 AM","30206.8","30206.8"
"1000216164","INT","26-Jul-2022 12:00:00 AM","10483.2","10483.2"
"1000216962","PRI","27-Jul-2022 12:00:00 AM","11252.68","11252.68"
"1000216962","INT","27-Jul-2022 12:00:00 AM","12651.32","12651.32"
"1000207517","PRI","29-Jul-2022 12:00:00 AM","19242.25","19242.25"
"1000207517","INT","29-Jul-2022 12:00:00 AM","667.75","667.75"
"1000209331","PRI","28-Jul-2022 12:00:00 AM","21835.81","21835.81"
"1000209331","INT","28-Jul-2022 12:00:00 AM","2481.19","2481.19"
"1000210020","PRI","30-Jul-2022 12:00:00 AM","10947.21","10947.21"
"1000210020","INT","30-Jul-2022 12:00:00 AM","1455.79","1455.79"
"1000211913","PRI","28-Jul-2022 12:00:00 AM","28782.34","28782.34"
"1000211913","INT","28-Jul-2022 12:00:00 AM","10873.66","10873.66"
"1000212131","PRI","28-Jul-2022 12:00:00 AM","26235.27","26235.27"
"1000212131","INT","28-Jul-2022 12:00:00 AM","3045.73","3045.73"
"1000214335","PRI","28-Jul-2022 12:00:00 AM","21657.49","21657.49"
"1000214335","INT","28-Jul-2022 12:00:00 AM","14585.51","14585.51"
"1000215313","PRI","28-Jul-2022 12:00:00 AM","23124.44","23124.44"
"1000215313","INT","28-Jul-2022 12:00:00 AM","16131.56","16131.56"
"1000216196","PRI","28-Jul-2022 12:00:00 AM","4909.11","4909.11"
"1000216196","INT","28-Jul-2022 12:00:00 AM","5998.89","5998.89"
"1000217210","PRI","28-Jul-2022 12:00:00 AM","2309.73","2309.73"
"1000217210","INT","28-Jul-2022 12:00:00 AM","2670.27","2670.27"
"1000217529","PRI","28-Jul-2022 12:00:00 AM","5251.8","5251.8"
"1000217529","INT","28-Jul-2022 12:00:00 AM","7642.2","7642.2"
"1000218857","PRI","28-Jul-2022 12:00:00 AM","11462.75","11462.75"
"1000218857","INT","28-Jul-2022 12:00:00 AM","5499.25","5499.25"
"1000213298","PRI","20-Jul-2022 12:00:00 AM","7717.03","7717.03"
"1000213298","INT","20-Jul-2022 12:00:00 AM","5176.97","5176.97"
"1000213866","PRI","19-Jul-2022 12:00:00 AM","15958.32","15958.32"
"1000213866","INT","19-Jul-2022 12:00:00 AM","4277.68","4277.68"
"1000212423","PRI","19-Jul-2022 12:00:00 AM","33731.92","33731.92"
"1000212423","INT","19-Jul-2022 12:00:00 AM","4214.08","4214.08"
"1000218410","PRI","19-Jul-2022 12:00:00 AM","16643.21","16643.21"
"1000218410","INT","19-Jul-2022 12:00:00 AM","11343.79","11343.79"
"1000217345","PRI","19-Jul-2022 12:00:00 AM","3418.92","3418.92"
"1000217345","INT","19-Jul-2022 12:00:00 AM","3921.08","3921.08"
"1000215145","PRI","19-Jul-2022 12:00:00 AM","13316.88","13316.88"
"1000215145","INT","19-Jul-2022 12:00:00 AM","11131.12","11131.12"
"1000217333","PRI","19-Jul-2022 12:00:00 AM","21552.4","21552.4"
"1000217333","INT","19-Jul-2022 12:00:00 AM","10077.6","10077.6"
"1000216100","PRI","19-Jul-2022 12:00:00 AM","13229.62","13229.62"
"1000216337","PRI","30-Jul-2022 12:00:00 AM","2279.87","2279.87"
"1000216337","INT","30-Jul-2022 12:00:00 AM","250.13","250.13"
"1000216100","INT","19-Jul-2022 12:00:00 AM","12586.38","12586.38"
"1000207011","BC ","26-Jul-2022 12:00:00 AM","20","20"
"1000211620","BC ","26-Jul-2022 12:00:00 AM","20","20"
"1000217156","INT","30-Jul-2022 12:00:00 AM","8816.22","8816.22"
"1000217197","PRI","30-Jul-2022 12:00:00 AM","7828.4","7828.4"
"1000217197","INT","30-Jul-2022 12:00:00 AM","8563.6","8563.6"
"1000217207","PRI","30-Jul-2022 12:00:00 AM","11325.12","11325.12"
"1000217207","INT","30-Jul-2022 12:00:00 AM","12122.88","12122.88"
"1000217287","PRI","30-Jul-2022 12:00:00 AM","7013.57","7013.57"
"1000217287","INT","30-Jul-2022 12:00:00 AM","11767.43","11767.43"
"1000217589","PRI","15-Jul-2022 12:00:00 AM","3049.4","3049.4"
"1000217589","INT","15-Jul-2022 12:00:00 AM","705.6","705.6"
"1000217590","PRI","30-Jul-2022 12:00:00 AM","16275.75","16275.75"
"1000217590","INT","30-Jul-2022 12:00:00 AM","14747.25","14747.25"
"1000217620","PRI","15-Jul-2022 12:00:00 AM","2937.4","2937.4"
"1000217620","INT","15-Jul-2022 12:00:00 AM","857.6","857.6"
"1000217663","PRI","30-Jul-2022 12:00:00 AM","13897.49","3020.74"
"1000217663","INT","30-Jul-2022 12:00:00 AM","8094.51","8094.51"
"1000219331","BC ","18-Jul-2022 12:00:00 AM","50","50"
"1000217101","BC ","19-Jul-2022 12:00:00 AM","20","20"
"1000213523","PEN","20-Jul-2022 12:00:00 AM","673.97","673.97"
"1000214885","PRI","13-Jul-2022 12:00:00 AM","1581.53","1581.53"
"1000219450","PRI","31-Jul-2022 12:00:00 AM","1672.4","1672.4"
"1000219450","INT","31-Jul-2022 12:00:00 AM","857.6","857.6"
"1000219555","PRI","31-Jul-2022 12:00:00 AM","1696.32","1696.32"
"1000219555","INT","31-Jul-2022 12:00:00 AM","807.68","807.68"
"1000218633","PRI","31-Jul-2022 12:00:00 AM","6078.92","4779.56"
"1000218633","INT","31-Jul-2022 12:00:00 AM","8601.08","8601.08"
"1000216074","PRI","31-Jul-2022 12:00:00 AM","2351.33","2351.33"
"1000216074","INT","31-Jul-2022 12:00:00 AM","178.67","178.67"
"1000218070","PRI","31-Jul-2022 12:00:00 AM","1994","1994"
"1000218070","INT","31-Jul-2022 12:00:00 AM","536","536"
"1000218178","PRI","31-Jul-2022 12:00:00 AM","1179.44","1179.44"
"1000218178","INT","31-Jul-2022 12:00:00 AM","322.56","322.56"
"1000218880","PRI","30-Jul-2022 12:00:00 AM","7726.53","7726.53"
"1000218880","INT","30-Jul-2022 12:00:00 AM","15193.47","15193.47"
"1000218938","PRI","30-Jul-2022 12:00:00 AM","1779.6","1779.6"
"1000218938","INT","30-Jul-2022 12:00:00 AM","750.4","750.4"
"1000217751","PRI","30-Jul-2022 12:00:00 AM","5106.52","5106.52"
"1000214983","INT","30-Jul-2022 12:00:00 AM","2872.83","2872.83"
"1000214999","PRI","30-Jul-2022 12:00:00 AM","6941.75","6941.75"
"1000214999","INT","30-Jul-2022 12:00:00 AM","5352.25","5352.25"
"1000215005","PRI","30-Jul-2022 12:00:00 AM","12774.5","12774.5"
"1000215005","INT","30-Jul-2022 12:00:00 AM","9948.5","9948.5"
"1000215378","PRI","30-Jul-2022 12:00:00 AM","9175.57","0"
"1000215378","INT","30-Jul-2022 12:00:00 AM","4972.43","0"
"1000214794","PRI","27-Jul-2022 12:00:00 AM","15501.48","15501.48"
"1000214794","INT","27-Jul-2022 12:00:00 AM","5161.52","5161.52"
"1000216627","PEN","15-Jul-2022 12:00:00 AM","88.25","88.25"
"1000216627","PRI","31-Jul-2022 12:00:00 AM","3312.6","3312.6"
"1000216627","INT","31-Jul-2022 12:00:00 AM","482.4","482.4"
"1000213553","INS","26-Jul-2022 12:00:00 AM","14812.41","14812.41"
"1000211620","PRI","31-Jul-2022 12:00:00 AM","12142.76","0"
"1000211620","INT","31-Jul-2022 12:00:00 AM","808.24","30.24"
"1000216365","PRI","30-Jul-2022 12:00:00 AM","35480.9","35480.9"
"1000216365","INT","30-Jul-2022 12:00:00 AM","3436.1","3436.1"
"1000216700","PRI","31-Jul-2022 12:00:00 AM","5477.19","5477.19"
"1000216700","INT","31-Jul-2022 12:00:00 AM","5586.81","5586.81"
"1000210372","BC ","27-Jul-2022 12:00:00 AM","20","20"
"1000210666","BC ","27-Jul-2022 12:00:00 AM","20","20"
"1000212546","CCF","27-Jul-2022 12:00:00 AM","1500","1500"
"1000212496","PRI","29-Jul-2022 12:00:00 AM","10891.4","10891.4"
"1000212496","INT","29-Jul-2022 12:00:00 AM","1553.6","1553.6"
"1000217122","PRI","29-Jul-2022 12:00:00 AM","24318.8","24318.8"
"1000217122","INT","29-Jul-2022 12:00:00 AM","10411.2","10411.2"
"1000215808","PRI","29-Jul-2022 12:00:00 AM","5689.73","5689.73"
"1000215808","INT","29-Jul-2022 12:00:00 AM","5750.27","5750.27"
"1000217715","PRI","30-Jul-2022 12:00:00 AM","6272.14","6272.14"
"1000217715","INT","30-Jul-2022 12:00:00 AM","12446.86","12446.86"
"1000208041","PRI","31-Jul-2022 12:00:00 AM","20001.85","20001.85"
"1000208041","INT","31-Jul-2022 12:00:00 AM","1183.15","1183.15"
"1000209323","PRI","28-Jul-2022 12:00:00 AM","12592.49","12592.49"
"1000209323","INT","28-Jul-2022 12:00:00 AM","4871.51","4871.51"
"1000215226","INT","15-Jul-2022 12:00:00 AM","107.2","107.2"
"1000218068","PRI","15-Jul-2022 12:00:00 AM","1994.95","1994.95"
"1000218068","INT","15-Jul-2022 12:00:00 AM","404.05","404.05"
"1000218149","PRI","15-Jul-2022 12:00:00 AM","4880","4880"
"1000218149","INT","15-Jul-2022 12:00:00 AM","960","960"
"1000218428","PRI","15-Jul-2022 12:00:00 AM","3756.73","3756.73"
"1000218428","INT","15-Jul-2022 12:00:00 AM","1198.27","1198.27"
"1000215048","PRI","15-Jul-2022 12:00:00 AM","2392.17","2392.17"
"1000215048","INT","15-Jul-2022 12:00:00 AM","58.83","58.83"
"1000215351","PRI","15-Jul-2022 12:00:00 AM","2387.07","2387.07"
"1000215351","INT","15-Jul-2022 12:00:00 AM","142.93","142.93"
"1000217505","PRI","15-Jul-2022 12:00:00 AM","2065.47","2065.47"
"1000217505","INT","15-Jul-2022 12:00:00 AM","464.53","464.53"
"1000217513","PRI","15-Jul-2022 12:00:00 AM","4135.13","4135.13"
"1000217513","INT","15-Jul-2022 12:00:00 AM","819.87","819.87"
"1000216676","PRI","31-Jul-2022 12:00:00 AM","10605.59","10605.59"
"1000218256","PRI","30-Jul-2022 12:00:00 AM","3845.07","3845.07"
"1000218256","INT","30-Jul-2022 12:00:00 AM","1214.93","1214.93"
"1000219331","PEN","15-Jul-2022 12:00:00 AM",".5",".5"
"1000219331","PRI","31-Jul-2022 12:00:00 AM","3504.47","2938.45"
"1000219331","INT","31-Jul-2022 12:00:00 AM","1450.53","1450.53"
"1000214977","CCF","19-Jul-2022 12:00:00 AM","500","500"
"1000217101","CCF","19-Jul-2022 12:00:00 AM","500","500"
"1000213538","INS","19-Jul-2022 12:00:00 AM","32913.75","32913.75"
"1000213523","INS","19-Jul-2022 12:00:00 AM","40166.63","40166.63"
"1000207789","BC ","19-Jul-2022 12:00:00 AM","50","50"
"1000218107","CCF","13-Jul-2022 12:00:00 AM","1000","1000"
"1000216337","PRI","15-Jul-2022 12:00:00 AM","2244.13","2244.13"
"1000216337","INT","15-Jul-2022 12:00:00 AM","285.87","285.87"
"1000216337","CCF","04-Jul-2022 12:00:00 AM","500","500"
"1000217721","PRI","30-Jul-2022 12:00:00 AM","6647.37","6647.37"
"1000217721","INT","30-Jul-2022 12:00:00 AM","7625.63","7625.63"
"1000217763","PRI","30-Jul-2022 12:00:00 AM","10862","10862"
"1000217763","INT","30-Jul-2022 12:00:00 AM","4788","4788"
"1000217804","PRI","15-Jul-2022 12:00:00 AM","4009","4009"
"1000217804","INT","15-Jul-2022 12:00:00 AM","946","946"
"1000218040","PRI","31-Jul-2022 12:00:00 AM","8925.19","8925.19"
"1000218040","INT","31-Jul-2022 12:00:00 AM","11765.81","11765.81"
"1000218081","PRI","31-Jul-2022 12:00:00 AM","6209.47","6209.47"
"1000218081","INT","31-Jul-2022 12:00:00 AM","8326.53","8326.53"
"1000218099","PRI","31-Jul-2022 12:00:00 AM","3291.07","3291.07"
"1000218099","INT","31-Jul-2022 12:00:00 AM","2334.93","2334.93"
"1000218159","PRI","15-Jul-2022 12:00:00 AM","970.63","970.63"
"1000218159","INT","15-Jul-2022 12:00:00 AM","268.37","268.37"
"1000218294","PRI","30-Jul-2022 12:00:00 AM","9887.69","9887.69"
"1000218294","INT","30-Jul-2022 12:00:00 AM","1904.31","1904.31"
"1000218355","PRI","30-Jul-2022 12:00:00 AM","5176.04","5176.04"
"1000218355","INT","30-Jul-2022 12:00:00 AM","4145.96","4145.96"
"1000218379","PRI","30-Jul-2022 12:00:00 AM","8617.71","8617.71"
"1000218379","INT","30-Jul-2022 12:00:00 AM","11364.29","11364.29"
"1000218467","PRI","15-Jul-2022 12:00:00 AM","1864.59","1864.59"
"1000218467","INT","15-Jul-2022 12:00:00 AM","639.41","639.41"
"1000218735","PRI","30-Jul-2022 12:00:00 AM","47798.56","47798.56"
"1000218735","INT","30-Jul-2022 12:00:00 AM","13529.44","13529.44"
"1000219004","PRI","15-Jul-2022 12:00:00 AM","1751.81","1751.81"
"1000219004","INT","15-Jul-2022 12:00:00 AM","726.19","726.19"
"1000212783","CCF","01-Jul-2022 12:00:00 AM","1000","1000"
"1000215560","CCF","01-Jul-2022 12:00:00 AM","1000","0"
"1000203996","CCF","01-Jul-2022 12:00:00 AM","1000","1000"
"1000210364","CCF","01-Jul-2022 12:00:00 AM","1000","1000"
"1000208131","CCF","01-Jul-2022 12:00:00 AM","1000","1000"
"1000216583","CCF","01-Jul-2022 12:00:00 AM","500","500"
"1000200181","BC ","01-Jul-2022 12:00:00 AM","20","20"
"1000217957","BC ","01-Jul-2022 12:00:00 AM","20","20"
"1000212687","PRI","30-Jul-2022 12:00:00 AM","25323.78","16499.89"
"1000212687","INT","30-Jul-2022 12:00:00 AM","11656.22","11656.22"
"1000207142","PRI","30-Jul-2022 12:00:00 AM","16315.6","0"
"1000207142","INT","30-Jul-2022 12:00:00 AM","297.4","0"
"1000209501","PRI","30-Jul-2022 12:00:00 AM","42216.22","42216.22"
"1000209501","INT","30-Jul-2022 12:00:00 AM","4263.78","4263.78"
"1000209552","PRI","30-Jul-2022 12:00:00 AM","24447.3","0"
"1000209552","INT","30-Jul-2022 12:00:00 AM","2734.7","0"
"1000212254","PRI","31-Jul-2022 12:00:00 AM","12076.77","12076.77"
"1000212254","INT","31-Jul-2022 12:00:00 AM","5592.23","5592.23"
"1000212294","PRI","31-Jul-2022 12:00:00 AM","18381.98","18381.98"
"1000212294","INT","31-Jul-2022 12:00:00 AM","7792.02","7792.02"
"1000205492","PRI","30-Jul-2022 12:00:00 AM","15423.43","13142.66"
"1000205492","INT","30-Jul-2022 12:00:00 AM","2459.57","2459.57"
"1000212224","PRI","31-Jul-2022 12:00:00 AM","21688.73","21688.73"
"1000212224","INT","31-Jul-2022 12:00:00 AM","1820.27","1820.27"
"1000212881","PRI","30-Jul-2022 12:00:00 AM","32131.67","32131.67"
"1000212881","INT","30-Jul-2022 12:00:00 AM","4993.33","4993.33"
"1000212847","PRI","30-Jul-2022 12:00:00 AM","20563.5","18739.28"
"1000212847","INT","30-Jul-2022 12:00:00 AM","10253.5","10253.5"
"1000213648","PRI","31-Jul-2022 12:00:00 AM","12847.27","12847.27"
"1000213648","INT","31-Jul-2022 12:00:00 AM","3055.73","3055.73"
"1000215697","PRI","30-Jul-2022 12:00:00 AM","6481.56","6481.56"
"1000215697","INT","30-Jul-2022 12:00:00 AM","2505.44","2505.44"
"1000213835","PRI","31-Jul-2022 12:00:00 AM","45066.67","45066.67"
"1000213835","INT","31-Jul-2022 12:00:00 AM","6933.33","6933.33"
"1000213805","PRI","31-Jul-2022 12:00:00 AM","11283.32","11283.32"
"1000213805","INT","31-Jul-2022 12:00:00 AM","13152.68","13152.68"
"1000213818","PRI","31-Jul-2022 12:00:00 AM","18553.6","18553.6"
"1000213818","INT","31-Jul-2022 12:00:00 AM","4214.4","4214.4"
"1000209021","PRI","31-Jul-2022 12:00:00 AM","16742.65","0"
"1000209021","INT","31-Jul-2022 12:00:00 AM","1571.35","0"
"1000218309","PRI","30-Jul-2022 12:00:00 AM","1922.53","1922.53"
"1000218309","INT","30-Jul-2022 12:00:00 AM","607.47","607.47"
"1000218403","PRI","31-Jul-2022 12:00:00 AM","3866","3866"
"1000218403","INT","31-Jul-2022 12:00:00 AM","984","984"
"1000211997","PRI","30-Jul-2022 12:00:00 AM","17996.03","0"
"1000211997","INT","30-Jul-2022 12:00:00 AM","1605.97","0"
"1000209960","PRI","30-Jul-2022 12:00:00 AM","11042.18","0"
"1000209960","INT","30-Jul-2022 12:00:00 AM","4607.82","0"
"1000219215","PRI","31-Jul-2022 12:00:00 AM","16135.48","16135.48"
"1000219215","INT","31-Jul-2022 12:00:00 AM","13195.52","13195.52"
"1000219226","PRI","31-Jul-2022 12:00:00 AM","1729.97","1729.97"
"1000219226","INT","31-Jul-2022 12:00:00 AM","774.03","774.03"
"1000212783","PRI","30-Jul-2022 12:00:00 AM","12228.56","0"
"1000212783","INT","30-Jul-2022 12:00:00 AM","11230.44","0"
"1000207304","PRI","30-Jul-2022 12:00:00 AM","13306.57","13306.57"
"1000207304","INT","30-Jul-2022 12:00:00 AM","252.43","252.43"
"1000214299","PRI","31-Jul-2022 12:00:00 AM","8460.6","0"
"1000214299","INT","31-Jul-2022 12:00:00 AM","3054.4","0"
"1000212330","PRI","31-Jul-2022 12:00:00 AM","13819.55","13819.55"
"1000212330","INT","31-Jul-2022 12:00:00 AM","5510.45","5510.45"
"1000210364","PRI","31-Jul-2022 12:00:00 AM","8982.24","0"
"1000210364","INT","31-Jul-2022 12:00:00 AM","1391.76","0"
"1000213677","PRI","31-Jul-2022 12:00:00 AM","48269.87","48269.87"
"1000213677","INT","31-Jul-2022 12:00:00 AM","9746.13","9746.13"
"1000213680","PRI","31-Jul-2022 12:00:00 AM","19935.4","19935.4"
"1000213680","INT","31-Jul-2022 12:00:00 AM","4741.6","4741.6"
"1000213786","PRI","31-Jul-2022 12:00:00 AM","15168.23","15168.23"
"1000213786","INT","31-Jul-2022 12:00:00 AM","9418.77","9418.77"
"1000211997","CCF","04-Jul-2022 12:00:00 AM","1000","1000"
"1000213260","INS","04-Jul-2022 12:00:00 AM","24659.4","24659.4"
"1000218248","INS","04-Jul-2022 12:00:00 AM","17113.39","17113.39"
"1000210569","INS","04-Jul-2022 12:00:00 AM","10362.23","10362.23"
"1000217101","BC ","04-Jul-2022 12:00:00 AM","20","20"
"1000218004","CCF","05-Jul-2022 12:00:00 AM","1000","1000"
"1000215813","CCF","05-Jul-2022 12:00:00 AM","1000","0"
"1000208483","PRI","30-Jul-2022 12:00:00 AM","3865.84","3865.84"
"1000208483","INT","30-Jul-2022 12:00:00 AM","300.16","300.16"
"1000208491","PRI","30-Jul-2022 12:00:00 AM","7731.69","7731.69"
"1000208491","INT","30-Jul-2022 12:00:00 AM","600.31","600.31"
"1000219067","PRI","31-Jul-2022 12:00:00 AM","5871.62","5871.62"
"1000219067","INT","31-Jul-2022 12:00:00 AM","6778.38","6778.38"
"1000219102","PRI","31-Jul-2022 12:00:00 AM","4101.86","4101.86"
"1000219102","INT","31-Jul-2022 12:00:00 AM","10345.14","10345.14"
"1000219323","PRI","31-Jul-2022 12:00:00 AM","3548.99","3548.99"
"1000219323","INT","31-Jul-2022 12:00:00 AM","1353.01","1353.01"
"1000218993","PRI","31-Jul-2022 12:00:00 AM","3647.33","3647.33"
"1000218993","INT","31-Jul-2022 12:00:00 AM","1202.67","1202.67"
"1000218643","PRI","31-Jul-2022 12:00:00 AM","11179.69","11179.69"
"1000218643","INT","31-Jul-2022 12:00:00 AM","20654.31","20654.31"
"1000218912","PRI","30-Jul-2022 12:00:00 AM","6654.43","6654.43"
"1000218912","INT","30-Jul-2022 12:00:00 AM","9453.57","9453.57"
"1000216726","PRI","31-Jul-2022 12:00:00 AM","28012.47","28012.47"
"1000216726","INT","31-Jul-2022 12:00:00 AM","13332.53","13332.53"
"1000216734","PRI","31-Jul-2022 12:00:00 AM","12982.84","12982.84"
"1000216734","INT","31-Jul-2022 12:00:00 AM","13243.16","13243.16"
"1000216884","PRI","31-Jul-2022 12:00:00 AM","2172.67","2172.67"
"1000216884","INT","31-Jul-2022 12:00:00 AM","357.33","357.33"
"1000217138","PRI","30-Jul-2022 12:00:00 AM","8201.88","8201.88"
"1000217138","INT","30-Jul-2022 12:00:00 AM","4521.12","4521.12"
"1000217221","PRI","30-Jul-2022 12:00:00 AM","13422.97","13422.97"
"1000217221","INT","30-Jul-2022 12:00:00 AM","8027.03","8027.03"
"1000217464","PRI","31-Jul-2022 12:00:00 AM","4196.08","0"
"1000217464","INT","31-Jul-2022 12:00:00 AM","705.92","0"
"1000215048","PRI","30-Jul-2022 12:00:00 AM","2421.59","2421.59"
"1000215048","INT","30-Jul-2022 12:00:00 AM","29.41","29.41"
"1000218719","PRI","30-Jul-2022 12:00:00 AM","11683.86","11683.86"
"1000218719","INT","30-Jul-2022 12:00:00 AM","17758.14","17758.14"
"1000218799","PRI","30-Jul-2022 12:00:00 AM","10841.94","10841.94"
"1000218799","INT","30-Jul-2022 12:00:00 AM","16480.06","16480.06"
"1000218868","PRI","30-Jul-2022 12:00:00 AM","3559.2","3559.2"
"1000218868","INT","30-Jul-2022 12:00:00 AM","1500.8","1500.8"
"1000216682","PRI","31-Jul-2022 12:00:00 AM","13980.16","13980.16"
"1000216682","INT","31-Jul-2022 12:00:00 AM","15091.84","15091.84"
"1000218117","PRI","31-Jul-2022 12:00:00 AM","7188.23","7188.23"
"1000218117","INT","31-Jul-2022 12:00:00 AM","8837.77","8837.77"
"1000218160","PRI","31-Jul-2022 12:00:00 AM","3945.93","3945.93"
"1000218160","INT","31-Jul-2022 12:00:00 AM","1009.07","1009.07"
"1000218199","PRI","31-Jul-2022 12:00:00 AM","2937.4","2937.4"
"1000218199","INT","31-Jul-2022 12:00:00 AM","857.6","857.6"
"1000218272","PRI","31-Jul-2022 12:00:00 AM","2937.4","2937.4"
"1000218272","INT","31-Jul-2022 12:00:00 AM","857.6","857.6"
"1000218960","PRI","31-Jul-2022 12:00:00 AM","4609.71","4609.71"
"1000218960","INT","31-Jul-2022 12:00:00 AM","1386.29","1386.29"
"1000215125","PRI","31-Jul-2022 12:00:00 AM","2436.69","2436.69"
"1000215125","INT","31-Jul-2022 12:00:00 AM","67.31","67.31"
"1000218068","PRI","31-Jul-2022 12:00:00 AM","2020.2","2020.2"
"1000218068","INT","31-Jul-2022 12:00:00 AM","378.8","378.8"
"1000218149","PRI","31-Jul-2022 12:00:00 AM","4960","4960"
"1000218149","INT","31-Jul-2022 12:00:00 AM","880","880"
"1000218342","PRI","30-Jul-2022 12:00:00 AM","6155.4","6155.4"
"1000218342","INT","30-Jul-2022 12:00:00 AM","8117.6","8117.6"
"1000218428","PRI","31-Jul-2022 12:00:00 AM","3819.8","3819.8"
"1000218428","INT","31-Jul-2022 12:00:00 AM","1135.2","1135.2"
"1000216210","PRI","30-Jul-2022 12:00:00 AM","39964.15","39964.15"
"1000216210","INT","30-Jul-2022 12:00:00 AM","26713.85","26713.85"
"1000215351","PRI","30-Jul-2022 12:00:00 AM","2422.8","2422.8"
"1000215351","INT","30-Jul-2022 12:00:00 AM","107.2","107.2"
"1000217505","PRI","31-Jul-2022 12:00:00 AM","2101.2","2101.2"
"1000217505","INT","31-Jul-2022 12:00:00 AM","428.8","428.8"
"1000217513","PRI","31-Jul-2022 12:00:00 AM","4198.2","4198.2"
"1000217513","INT","31-Jul-2022 12:00:00 AM","756.8","756.8"
"1000217618","PRI","30-Jul-2022 12:00:00 AM","1239.28","1239.28"
"1000217618","INT","30-Jul-2022 12:00:00 AM","278.72","278.72"
"1000217740","PRI","30-Jul-2022 12:00:00 AM","2065.47","2065.47"
"1000217740","INT","30-Jul-2022 12:00:00 AM","464.53","464.53"
"1000218032","PRI","31-Jul-2022 12:00:00 AM","5747.96","5747.96"
"1000218032","INT","31-Jul-2022 12:00:00 AM","6655.04","6655.04"
"1000218130","PRI","31-Jul-2022 12:00:00 AM","4030","4030"
"1000218130","INT","31-Jul-2022 12:00:00 AM","820","820"
"1000218288","PRI","30-Jul-2022 12:00:00 AM","1922.53","1922.53"
"1000218288","INT","30-Jul-2022 12:00:00 AM","607.47","607.47"
"1000217254","PRI","30-Jul-2022 12:00:00 AM","12190.78","12190.78"
"1000217254","INT","30-Jul-2022 12:00:00 AM","11676.22","11676.22"
"1000214899","PRI","30-Jul-2022 12:00:00 AM","25121.94","25121.94"
"1000214899","INT","30-Jul-2022 12:00:00 AM","19563.06","19563.06"
"1000215642","PRI","30-Jul-2022 12:00:00 AM","9867.31","8439.26"
"1000215642","INT","30-Jul-2022 12:00:00 AM","8163.69","8163.69"
"1000216583","PRI","31-Jul-2022 12:00:00 AM","4387.4","0"
"1000216583","INT","31-Jul-2022 12:00:00 AM","567.6","0"
"1000216610","PRI","31-Jul-2022 12:00:00 AM","2208.4","2208.4"
"1000216610","INT","31-Jul-2022 12:00:00 AM","321.6","321.6"
"1000217031","PRI","30-Jul-2022 12:00:00 AM","10833.05","10833.05"
"1000217031","INT","30-Jul-2022 12:00:00 AM","11594.95","11594.95"
"1000216285","PRI","30-Jul-2022 12:00:00 AM","4536.41","4536.41"
"1000216285","INT","30-Jul-2022 12:00:00 AM","470.59","470.59"
"1000216298","PRI","30-Jul-2022 12:00:00 AM","12599.47","12599.47"
"1000216298","INT","30-Jul-2022 12:00:00 AM","11987.53","11987.53"
"1000216975","PRI","30-Jul-2022 12:00:00 AM","4267.51","4267.51"
"1000216975","INT","30-Jul-2022 12:00:00 AM","739.49","739.49"
"1000216998","PRI","30-Jul-2022 12:00:00 AM","4261.27","4261.27"
"1000216998","INT","30-Jul-2022 12:00:00 AM","693.73","693.73"
"1000217080","PRI","30-Jul-2022 12:00:00 AM","9346.29","9346.29"
"1000217080","INT","30-Jul-2022 12:00:00 AM","8951.71","8951.71"
"1000217101","PRI","30-Jul-2022 12:00:00 AM","2133.81","0"
"1000217101","INT","30-Jul-2022 12:00:00 AM","370.19","0"
"1000215886","PRI","31-Jul-2022 12:00:00 AM","6513.57","6513.57"
"1000215886","INT","31-Jul-2022 12:00:00 AM","5780.43","5780.43"
"1000217997","PRI","31-Jul-2022 12:00:00 AM","7564.46","7564.46"
"1000217997","INT","31-Jul-2022 12:00:00 AM","7287.54","7287.54"
"1000215850","PRI","31-Jul-2022 12:00:00 AM","2320.13","0"
"1000215850","INT","31-Jul-2022 12:00:00 AM","157.87","0"
"1000216044","PRI","31-Jul-2022 12:00:00 AM","10929","10929"
"1000216044","INT","31-Jul-2022 12:00:00 AM","4426","4426"
"1000215467","PRI","30-Jul-2022 12:00:00 AM","4845.6","0"
"1000215467","INT","30-Jul-2022 12:00:00 AM","214.4","0"
"1000216358","PRI","30-Jul-2022 12:00:00 AM","9989.19","9989.19"
"1000216358","INT","30-Jul-2022 12:00:00 AM","9610.81","9610.81"
"1000214700","PRI","30-Jul-2022 12:00:00 AM","11302.52","11302.52"
"1000214700","INT","30-Jul-2022 12:00:00 AM","5134.48","5134.48"
"1000215386","PRI","30-Jul-2022 12:00:00 AM","12084.2","12084.2"
"1000215386","INT","30-Jul-2022 12:00:00 AM","3880.8","3880.8"
"1000216053","PRI","31-Jul-2022 12:00:00 AM","7751.08","6286.98"
"1000216053","INT","31-Jul-2022 12:00:00 AM","6878.92","6878.92"
"1000215390","PRI","30-Jul-2022 12:00:00 AM","13383.72","13383.72"
"1000215390","INT","30-Jul-2022 12:00:00 AM","11188.28","11188.28"
"1000215577","PRI","30-Jul-2022 12:00:00 AM","57293.18","57293.18"
"1000215577","INT","30-Jul-2022 12:00:00 AM","1648.82","1648.82"
"1000215560","PRI","30-Jul-2022 12:00:00 AM","7268.03","0"
"1000215560","INT","30-Jul-2022 12:00:00 AM","5618.97","0"
"1000216111","PRI","31-Jul-2022 12:00:00 AM","4576.6","4576.6"
"1000216111","INT","31-Jul-2022 12:00:00 AM","378.4","378.4"
"1000217052","PRI","30-Jul-2022 12:00:00 AM","29443.77","29443.77"
"1000217052","INT","30-Jul-2022 12:00:00 AM","3325.23","3325.23"
"1000216264","PRI","30-Jul-2022 12:00:00 AM","3419.8","3419.8"
"1000216264","INT","30-Jul-2022 12:00:00 AM","375.2","375.2"
"1000216307","PRI","30-Jul-2022 12:00:00 AM","10667.55","9450.76"
"1000216307","INT","30-Jul-2022 12:00:00 AM","10149.45","10149.45"
"1000216630","PRI","31-Jul-2022 12:00:00 AM","7302.92","7302.92"
"1000216630","INT","31-Jul-2022 12:00:00 AM","7449.08","7449.08"
"1000216654","PRI","31-Jul-2022 12:00:00 AM","9736.85","9736.85"
"1000216654","INT","31-Jul-2022 12:00:00 AM","9933.15","9933.15"
"1000219239","PRI","31-Jul-2022 12:00:00 AM","5211.08","5211.08"
"1000219239","INT","31-Jul-2022 12:00:00 AM","6422.92","6422.92"
"1000203872","PEN","23-Jul-2022 12:00:00 AM","237.12","237.12"
"1000207401","PEN","22-Jul-2022 12:00:00 AM","427.35","427.35"
"1000216264","PEN","15-Jul-2022 12:00:00 AM","35.72","35.72"
"1000216815","PEN","15-Jul-2022 12:00:00 AM","30.13","30.13"
"1000216285","PRI","15-Jul-2022 12:00:00 AM","4469.19","4469.19"
"1000216285","INT","15-Jul-2022 12:00:00 AM","537.81","537.81"
"1000216264","PRI","15-Jul-2022 12:00:00 AM","3366.2","3366.2"
"1000216264","INT","15-Jul-2022 12:00:00 AM","428.8","428.8"
"1000216975","PRI","15-Jul-2022 12:00:00 AM","4200.28","4200.28"
"1000216975","INT","15-Jul-2022 12:00:00 AM","806.72","806.72"
"1000216998","PRI","15-Jul-2022 12:00:00 AM","4198.2","4198.2"
"1000216998","INT","15-Jul-2022 12:00:00 AM","756.8","756.8"
"1000217101","PRI","15-Jul-2022 12:00:00 AM","2100.16","1124.04"
"1000217101","INT","15-Jul-2022 12:00:00 AM","403.84","403.84"
"1000216774","PRI","15-Jul-2022 12:00:00 AM","2136.93","2136.93"
"1000216774","INT","15-Jul-2022 12:00:00 AM","393.07","393.07"
"1000216808","PRI","15-Jul-2022 12:00:00 AM","2136.93","2136.93"
"1000216808","INT","15-Jul-2022 12:00:00 AM","393.07","393.07"
"1000216815","PRI","15-Jul-2022 12:00:00 AM","2136.93","2136.93"
"1000216815","INT","15-Jul-2022 12:00:00 AM","393.07","393.07"
"1000217021","PRI","15-Jul-2022 12:00:00 AM","2101.2","2101.2"
"1000217021","INT","15-Jul-2022 12:00:00 AM","428.8","428.8"
"1000217170","PRI","15-Jul-2022 12:00:00 AM","2100.16","2100.16"
"1000217170","INT","15-Jul-2022 12:00:00 AM","403.84","403.84"
"1000217477","PRI","15-Jul-2022 12:00:00 AM","2065.47","2065.47"
"1000217477","INT","15-Jul-2022 12:00:00 AM","464.53","464.53"
"1000217537","PRI","15-Jul-2022 12:00:00 AM","4130.18","4130.18"
"1000217537","INT","15-Jul-2022 12:00:00 AM","4223.82","4223.82"
"1000217699","PRI","15-Jul-2022 12:00:00 AM","4072.07","4072.07"
"1000217699","INT","15-Jul-2022 12:00:00 AM","882.93","882.93"
"1000214835","PRI","15-Jul-2022 12:00:00 AM","5639.12","5639.12"
"1000214835","INT","15-Jul-2022 12:00:00 AM","7974.88","7974.88"
"1000217639","PRI","15-Jul-2022 12:00:00 AM","1999.2","1999.2"
"1000217639","INT","15-Jul-2022 12:00:00 AM","504.8","504.8"
"1000217811","PRI","15-Jul-2022 12:00:00 AM","1958.27","1958.27"
"1000217811","INT","15-Jul-2022 12:00:00 AM","571.73","571.73"
"1000217924","PRI","15-Jul-2022 12:00:00 AM","4019.6","4019.6"
"1000217924","INT","15-Jul-2022 12:00:00 AM","882.4","882.4"
"1000215850","PRI","15-Jul-2022 12:00:00 AM","2288.56","0"
"1000215850","INT","15-Jul-2022 12:00:00 AM","189.44","0"
"1000217296","PRI","15-Jul-2022 12:00:00 AM","2065.47","2065.47"
"1000217296","INT","15-Jul-2022 12:00:00 AM","464.53","464.53"
"1000218124","PRI","15-Jul-2022 12:00:00 AM","3975.33","3975.33"
"1000218124","INT","15-Jul-2022 12:00:00 AM","874.67","874.67"
"1000218160","PRI","15-Jul-2022 12:00:00 AM","3882.87","3882.87"
"1000218160","INT","15-Jul-2022 12:00:00 AM","1072.13","1072.13"
"1000218199","PRI","15-Jul-2022 12:00:00 AM","2883.8","2883.8"
"1000218199","INT","15-Jul-2022 12:00:00 AM","911.2","911.2"
"1000218216","PRI","15-Jul-2022 12:00:00 AM","9673.55","9673.55"
"1000218216","INT","15-Jul-2022 12:00:00 AM","12754.45","12754.45"
"1000218272","PRI","15-Jul-2022 12:00:00 AM","2883.8","2883.8"
"1000218272","INT","15-Jul-2022 12:00:00 AM","911.2","911.2"
"1000218960","PRI","15-Jul-2022 12:00:00 AM","4546.69","4546.69"
"1000218960","INT","15-Jul-2022 12:00:00 AM","1449.31","1449.31"
"1000219194","PRI","15-Jul-2022 12:00:00 AM","2617.16","2617.16"
"1000219194","INT","15-Jul-2022 12:00:00 AM","1059.84","1059.84"
"1000213628","PRI","29-Jul-2022 12:00:00 AM","22752.43","22752.43"
"1000213628","INT","29-Jul-2022 12:00:00 AM","14127.57","14127.57"
"1000214277","PRI","19-Jul-2022 12:00:00 AM","12666.8","12666.8"
"1000214277","INT","19-Jul-2022 12:00:00 AM","4003.2","4003.2"
"1000213577","INS","15-Jul-2022 12:00:00 AM","10396.51","10396.51"
"1000208629","INS","15-Jul-2022 12:00:00 AM","13518.15","13518.15"
"1000207576","BC ","15-Jul-2022 12:00:00 AM","20","20"
"1000207789","PRI","18-Jul-2022 12:00:00 AM","23462.54","23462.54"
"1000207789","INT","18-Jul-2022 12:00:00 AM","1331.46","1331.46"
"1000216830","PRI","18-Jul-2022 12:00:00 AM","5930","5930"
"1000216830","INT","18-Jul-2022 12:00:00 AM","11768","11768"
"1000217306","PRI","18-Jul-2022 12:00:00 AM","5826.82","5826.82"
"1000217306","INT","18-Jul-2022 12:00:00 AM","10426.18","10426.18"
"1000218974","PRI","18-Jul-2022 12:00:00 AM","2399.05","2399.05"
"1000218974","INT","18-Jul-2022 12:00:00 AM","3921.95","3921.95"
"1000216408","PRI","17-Jul-2022 12:00:00 AM","16976.31","16976.31"
"1000216408","INT","17-Jul-2022 12:00:00 AM","18324.69","18324.69"
"1000216676","INT","31-Jul-2022 12:00:00 AM","19616.41","19616.41"
"1000210003","PRI","28-Jul-2022 12:00:00 AM","1095.22","1095.22"
"1000210003","INT","28-Jul-2022 12:00:00 AM",".78",".78"
"1000214846","PRI","15-Jul-2022 12:00:00 AM","2494.27","2494.27"
"1000214846","INT","15-Jul-2022 12:00:00 AM","35.73","35.73"
"1000218248","PRI","19-Jul-2022 12:00:00 AM","6400.06","6400.06"
"1000218248","INT","19-Jul-2022 12:00:00 AM","9419.94","9419.94"
"1000209226","OTH","06-Jul-2022 12:00:00 AM","680","0"
"1000210372","BC ","06-Jul-2022 12:00:00 AM","20","20"
"1000214098","INS","06-Jul-2022 12:00:00 AM","10595.25","10595.25"
"1000215305","CBR","06-Jul-2022 12:00:00 AM","22372.14","22372.14"
"1000207045","PRI","07-Jul-2022 12:00:00 AM","29353.54","29353.54"
"1000207045","INT","07-Jul-2022 12:00:00 AM","7276.46","7276.46"
"1000204844","INT","27-Jul-2022 12:00:00 AM","2149.55","2149.55"
"1000206618","PRI","25-Jul-2022 12:00:00 AM","13325","13325"
"1000206618","INT","25-Jul-2022 12:00:00 AM","2992","2992"
"1000207029","PRI","25-Jul-2022 12:00:00 AM","15177.1","15177.1"
"1000207029","INT","25-Jul-2022 12:00:00 AM","287.9","287.9"
"1000207908","PRI","26-Jul-2022 12:00:00 AM","38930.42","38930.42"
"1000207908","INT","26-Jul-2022 12:00:00 AM","2158.58","2158.58"
"1000208688","PRI","30-Jul-2022 12:00:00 AM","14509.6","14509.6"
"1000208688","INT","30-Jul-2022 12:00:00 AM","1167.4","1167.4"
"1000209285","PRI","26-Jul-2022 12:00:00 AM","14739.19","14739.19"
"1000209285","INT","26-Jul-2022 12:00:00 AM","1674.81","1674.81"
"1000209382","PRI","25-Jul-2022 12:00:00 AM","7828.6","7828.6"
"1000209382","INT","25-Jul-2022 12:00:00 AM","984.4","984.4"
"1000209404","PRI","25-Jul-2022 12:00:00 AM","8475.82","8475.82"
"1000214433","PRI","23-Jul-2022 12:00:00 AM","5639.12","5639.12"
"1000214433","INT","23-Jul-2022 12:00:00 AM","7974.88","7974.88"
"1000217881","PRI","15-Jul-2022 12:00:00 AM","1994","1994"
"1000217881","INT","15-Jul-2022 12:00:00 AM","536","536"
"1000217881","PRI","31-Jul-2022 12:00:00 AM","2029.73","2029.73"
"1000217881","INT","31-Jul-2022 12:00:00 AM","500.27","500.27"
"1000217915","PRI","23-Jul-2022 12:00:00 AM","8689.76","8689.76"
"1000217915","INT","23-Jul-2022 12:00:00 AM","8373.24","8373.24"
"1000203481","PRI","24-Jul-2022 12:00:00 AM","15377.89","15377.89"
"1000203481","INT","24-Jul-2022 12:00:00 AM","1272.11","1272.11"
"1000210585","PRI","24-Jul-2022 12:00:00 AM","6479.29","6479.29"
"1000210585","INT","24-Jul-2022 12:00:00 AM","3125.71","3125.71"
"1000210666","PRI","26-Jul-2022 12:00:00 AM","14725.71","14725.71"
"1000210666","INT","26-Jul-2022 12:00:00 AM","7104.29","7104.29"
"1000211590","PRI","25-Jul-2022 12:00:00 AM","7921.24","7921.24"
"1000211590","INT","25-Jul-2022 12:00:00 AM","527.76","527.76"
"1000212948","PRI","24-Jul-2022 12:00:00 AM","20030.58","20030.58"
"1000212948","INT","24-Jul-2022 12:00:00 AM","10703.42","10703.42"
"1000216464","PRI","24-Jul-2022 12:00:00 AM","2339.14","2339.14"
"1000216464","INT","24-Jul-2022 12:00:00 AM","2745.86","2745.86"
"1000216849","PRI","15-Jul-2022 12:00:00 AM","4261.27","4261.27"
"1000216849","INT","15-Jul-2022 12:00:00 AM","693.73","693.73"
"1000216849","PRI","31-Jul-2022 12:00:00 AM","4324.33","4324.33"
"1000209579","PRI","16-Jul-2022 12:00:00 AM","10189.14","10189.14"
"1000209579","INT","16-Jul-2022 12:00:00 AM","4251.86","4251.86"
"1000216430","PRI","15-Jul-2022 12:00:00 AM","4401.96","4401.96"
"1000216430","INT","15-Jul-2022 12:00:00 AM","605.04","605.04"
"1000216430","PRI","31-Jul-2022 12:00:00 AM","0","0"
"1000216430","INT","31-Jul-2022 12:00:00 AM","309","309"
"1000210178","PRI","21-Jul-2022 12:00:00 AM","25735.53","25735.53"
"1000210178","INT","21-Jul-2022 12:00:00 AM","4052.47","4052.47"
"1000210542","PRI","18-Jul-2022 12:00:00 AM","18604.68","18604.68"
"1000210542","INT","18-Jul-2022 12:00:00 AM","3362.32","3362.32"
"1000214397","PRI","31-Jul-2022 12:00:00 AM","7683.19","7683.19"
"1000214397","INT","31-Jul-2022 12:00:00 AM","4018.81","4018.81"
"1000218230","PRI","16-Jul-2022 12:00:00 AM","4215.64","4215.64"
"1000218230","INT","16-Jul-2022 12:00:00 AM","3636.36","3636.36"
"1000217740","INT","15-Jul-2022 12:00:00 AM","500.27","500.27"
"1000218130","PRI","15-Jul-2022 12:00:00 AM","3975.33","3975.33"
"1000218130","INT","15-Jul-2022 12:00:00 AM","874.67","874.67"
"1000218288","PRI","15-Jul-2022 12:00:00 AM","1886.8","1886.8"
"1000218288","INT","15-Jul-2022 12:00:00 AM","643.2","643.2"
"1000214977","PRI","15-Jul-2022 12:00:00 AM","2458.53","2458.53"
"1000214977","INT","15-Jul-2022 12:00:00 AM","71.47","71.47"
"1000214663","PRI","15-Jul-2022 12:00:00 AM","2494.27","2494.27"
"1000214663","INT","15-Jul-2022 12:00:00 AM","35.73","35.73"
"1000214730","PRI","15-Jul-2022 12:00:00 AM","2494.27","2494.27"
"1000214730","INT","15-Jul-2022 12:00:00 AM","35.73","35.73"
"1000216111","PRI","15-Jul-2022 12:00:00 AM","4513.53","4513.53"
"1000216111","INT","15-Jul-2022 12:00:00 AM","441.47","441.47"
"1000216583","PRI","15-Jul-2022 12:00:00 AM","4324.33","0"
"1000216583","INT","15-Jul-2022 12:00:00 AM","630.67","0"
"1000207291","PRI","30-Jul-2022 12:00:00 AM","18732.78","18732.78"
"1000207291","INT","30-Jul-2022 12:00:00 AM","348.22","348.22"
"1000207576","PRI","30-Jul-2022 12:00:00 AM","14277.81","14277.81"
"1000207576","INT","30-Jul-2022 12:00:00 AM","552.19","552.19"
"1000207584","PRI","30-Jul-2022 12:00:00 AM","24067.5","24067.5"
"1000207584","INT","30-Jul-2022 12:00:00 AM","873.5","873.5"
"1000207703","PRI","30-Jul-2022 12:00:00 AM","31521.93","31521.93"
"1000207703","INT","30-Jul-2022 12:00:00 AM","1144.07","1144.07"
"1000207711","PRI","30-Jul-2022 12:00:00 AM","29653.85","27322.97"
"1000207711","INT","30-Jul-2022 12:00:00 AM","1069.15","1069.15"
"1000207991","PRI","31-Jul-2022 12:00:00 AM","18771.06","18771.06"
"1000207991","INT","31-Jul-2022 12:00:00 AM","944.94","944.94"
"1000208254","PRI","31-Jul-2022 12:00:00 AM","8000.74","8000.74"
"1000208254","INT","31-Jul-2022 12:00:00 AM","473.26","473.26"
"1000208459","PRI","30-Jul-2022 12:00:00 AM","9411.74","9411.74"
"1000208459","INT","30-Jul-2022 12:00:00 AM","757.26","757.26"
"1000208513","PRI","30-Jul-2022 12:00:00 AM","17194.86","17194.86"
"1000208513","INT","30-Jul-2022 12:00:00 AM","1295.14","1295.14"
"1000208629","PRI","30-Jul-2022 12:00:00 AM","21206.49","21206.49"
"1000208629","INT","30-Jul-2022 12:00:00 AM","1635.51","1635.51"
"1000208653","PRI","30-Jul-2022 12:00:00 AM","8302.31","8302.31"
"1000208653","INT","30-Jul-2022 12:00:00 AM","2686.69","2686.69"
"1000208904","PRI","31-Jul-2022 12:00:00 AM","16121.82","16121.82"
"1000208904","INT","31-Jul-2022 12:00:00 AM","1547.18","1547.18"
"1000208912","PRI","31-Jul-2022 12:00:00 AM","16687.19","16687.19"
"1000208912","INT","31-Jul-2022 12:00:00 AM","1550.81","1550.81"
"1000208998","PRI","31-Jul-2022 12:00:00 AM","16078.91","16078.91"
"1000208998","INT","31-Jul-2022 12:00:00 AM","5751.09","5751.09"
"1000209005","PRI","31-Jul-2022 12:00:00 AM","11125.04","11125.04"
"1000209005","INT","31-Jul-2022 12:00:00 AM","1033.96","1033.96"
"1000209102","PRI","31-Jul-2022 12:00:00 AM","24678.65","24678.65"
"1000209102","INT","31-Jul-2022 12:00:00 AM","2144.35","2144.35"
"1000209340","PRI","30-Jul-2022 12:00:00 AM","9098.2","9098.2"
"1000209340","INT","30-Jul-2022 12:00:00 AM","1033.8","1033.8"
"1000209561","PRI","30-Jul-2022 12:00:00 AM","12108.08","12108.08"
"1000209561","INT","30-Jul-2022 12:00:00 AM","4683.92","4683.92"
"1000209820","PRI","30-Jul-2022 12:00:00 AM","8925.9","8925.9"
"1000209820","INT","30-Jul-2022 12:00:00 AM","1206.1","1206.1"
"1000209901","PRI","30-Jul-2022 12:00:00 AM","10634.39","10634.39"
"1000209901","INT","30-Jul-2022 12:00:00 AM","4350.61","4350.61"
"1000210445","PRI","31-Jul-2022 12:00:00 AM","13209.94","13209.94"
"1000214977","PEN","15-Jul-2022 12:00:00 AM","23.89","23.89"
"1000210704","INT","30-Jul-2022 12:00:00 AM","4274.29","4274.29"
"1000212215","PRI","31-Jul-2022 12:00:00 AM","23213.87","23213.87"
"1000212215","INT","31-Jul-2022 12:00:00 AM","1948.13","1948.13"
"1000212327","PRI","31-Jul-2022 12:00:00 AM","16391.93","16391.93"
"1000212327","INT","31-Jul-2022 12:00:00 AM","7590.07","7590.07"
"1000212341","PRI","31-Jul-2022 12:00:00 AM","17274.4","17274.4"
"1000212341","INT","31-Jul-2022 12:00:00 AM","6887.6","6887.6"
"1000212563","PRI","30-Jul-2022 12:00:00 AM","11253.84","11253.84"
"1000212563","INT","30-Jul-2022 12:00:00 AM","5138.16","5138.16"
"1000212650","PRI","30-Jul-2022 12:00:00 AM","5127.35","5127.35"
"1000212650","INT","30-Jul-2022 12:00:00 AM","2584.65","2584.65"
"1000219014","PRI","15-Jul-2022 12:00:00 AM","3548.99","3548.99"
"1000219014","INT","15-Jul-2022 12:00:00 AM","1353.01","1353.01"
"1000219094","PRI","15-Jul-2022 12:00:00 AM","1672.4","1672.4"
"1000219094","INT","15-Jul-2022 12:00:00 AM","857.6","857.6"
"1000218596","PRI","15-Jul-2022 12:00:00 AM","1815.33","1815.33"
"1000218596","INT","15-Jul-2022 12:00:00 AM","714.67","714.67"
"1000218868","PRI","15-Jul-2022 12:00:00 AM","3487.73","3487.73"
"1000218868","INT","15-Jul-2022 12:00:00 AM","1572.27","1572.27"
"1000218564","PRI","15-Jul-2022 12:00:00 AM","1815.33","1815.33"
"1000218564","INT","15-Jul-2022 12:00:00 AM","714.67","714.67"
"1000218786","PRI","15-Jul-2022 12:00:00 AM","3567.53","3567.53"
"1000218786","INT","15-Jul-2022 12:00:00 AM","1387.47","1387.47"
"1000218540","PRI","15-Jul-2022 12:00:00 AM","1815.33","1815.33"
"1000218540","INT","15-Jul-2022 12:00:00 AM","714.67","714.67"
"1000218572","PRI","15-Jul-2022 12:00:00 AM","1815.33","1815.33"
"1000218572","INT","15-Jul-2022 12:00:00 AM","714.67","714.67"
"1000218654","PRI","15-Jul-2022 12:00:00 AM","1797.28","1797.28"
"1000218654","INT","15-Jul-2022 12:00:00 AM","706.72","706.72"
"1000218703","PRI","15-Jul-2022 12:00:00 AM","3567.53","3567.53"
"1000218703","INT","15-Jul-2022 12:00:00 AM","1387.47","1387.47"
"1000219278","PRI","15-Jul-2022 12:00:00 AM","1672.4","1672.4"
"1000219278","INT","15-Jul-2022 12:00:00 AM","857.6","857.6"
"1000216884","PRI","15-Jul-2022 12:00:00 AM","2136.93","2136.93"
"1000216884","INT","15-Jul-2022 12:00:00 AM","393.07","393.07"
"1000217464","PRI","15-Jul-2022 12:00:00 AM","4137.25","0"
"1000217464","INT","15-Jul-2022 12:00:00 AM","764.75","0"
"1000218225","PRI","15-Jul-2022 12:00:00 AM","3920.67","3920.67"
"1000218225","INT","15-Jul-2022 12:00:00 AM","929.33","929.33"
"1000214856","PRI","15-Jul-2022 12:00:00 AM","2494.27","2494.27"
"1000214856","INT","15-Jul-2022 12:00:00 AM","35.73","35.73"
"1000215080","PRI","15-Jul-2022 12:00:00 AM","2458.53","0"
"1000215080","INT","15-Jul-2022 12:00:00 AM","71.47","0"
"1000218813","PRI","15-Jul-2022 12:00:00 AM","1783.39","1783.39"
"1000218813","INT","15-Jul-2022 12:00:00 AM","694.61","694.61"
"1000215125","PRI","15-Jul-2022 12:00:00 AM","2403.04","2403.04"
"1000215125","INT","15-Jul-2022 12:00:00 AM","100.96","100.96"
"1000217099","PRI","15-Jul-2022 12:00:00 AM","4196.08","4196.08"
"1000217099","INT","15-Jul-2022 12:00:00 AM","705.92","705.92"
"1000217847","PRI","15-Jul-2022 12:00:00 AM","3998.6","3998.6"
"1000215215","CCF","18-Jul-2022 12:00:00 AM","500","0"
"1000213441","INS","18-Jul-2022 12:00:00 AM","19662.45","19662.45"
"1000217663","INS","18-Jul-2022 12:00:00 AM","21753.75","21753.75"
"1000213154","PRI","02-Jul-2022 12:00:00 AM","14430.39","14430.39"
"1000213154","INT","02-Jul-2022 12:00:00 AM","15152.61","15152.61"
"1000212660","PRI","30-Jul-2022 12:00:00 AM","18990.32","18990.32"
"1000212660","INT","30-Jul-2022 12:00:00 AM","8651.68","8651.68"
"1000212675","PRI","30-Jul-2022 12:00:00 AM","22507.65","22507.65"
"1000212675","INT","30-Jul-2022 12:00:00 AM","10275.35","10275.35"
"1000212779","PRI","30-Jul-2022 12:00:00 AM","47082.23","47082.23"
"1000212779","INT","30-Jul-2022 12:00:00 AM","7316.77","7316.77"
"1000212736","PRI","28-Jul-2022 12:00:00 AM","13354.2","13354.2"
"1000212736","INT","28-Jul-2022 12:00:00 AM","6595.8","6595.8"
"1000207967","PRI","28-Jul-2022 12:00:00 AM","8735.77","0"
"1000207967","INT","28-Jul-2022 12:00:00 AM","454.23","0"
"1000219522","PRI","28-Jul-2022 12:00:00 AM","1323.4","1323.4"
"1000219522","INT","28-Jul-2022 12:00:00 AM","281.6","281.6"
"1000216908","PRI","28-Jul-2022 12:00:00 AM","65695","65695"
"1000216908","INT","28-Jul-2022 12:00:00 AM","8340","8340"
"1000215794","PRI","28-Jul-2022 12:00:00 AM","4817.41","4817.41"
"1000215794","INT","28-Jul-2022 12:00:00 AM","7775.59","7775.59"
"1000215813","PRI","28-Jul-2022 12:00:00 AM","6498.41","0"
"1000215813","INT","28-Jul-2022 12:00:00 AM","5828.59","0"
"1000216899","PRI","28-Jul-2022 12:00:00 AM","7517.64","7517.64"
"1000216899","INT","28-Jul-2022 12:00:00 AM","7200.36","7200.36"
"1000217269","PRI","28-Jul-2022 12:00:00 AM","7484.47","7484.47"
"1000217269","INT","28-Jul-2022 12:00:00 AM","8011.53","8011.53"
"1000210372","PRI","31-Jul-2022 12:00:00 AM","12255.15","12255.15"
"1000210372","INT","31-Jul-2022 12:00:00 AM","1929.85","1929.85"
"1000211980","PRI","30-Jul-2022 12:00:00 AM","16500.89","4619.97"
"1000211980","INT","30-Jul-2022 12:00:00 AM","6050.11","6050.11"
"1000215907","PRI","31-Jul-2022 12:00:00 AM","2335.73","2335.73"
"1000215907","INT","31-Jul-2022 12:00:00 AM","168.27","168.27"
"1000207011","CCF","28-Jul-2022 12:00:00 AM","200","0"
"1000207011","CFR","28-Jul-2022 12:00:00 AM","340.28","0"
"1000207401","CCF","28-Jul-2022 12:00:00 AM","1000","1000"
"1000216962","INS","28-Jul-2022 12:00:00 AM","25545","13000"
"1000213616","INS","28-Jul-2022 12:00:00 AM","7302.38","7302.38"
"1000218953","PRI","11-Jul-2022 12:00:00 AM","14392.72","14392.72"
"1000218953","INT","11-Jul-2022 12:00:00 AM","13441.28","13441.28"
"1000211956","BC ","05-Jul-2022 12:00:00 AM","20","20"
"1000210135","PRI","06-Jul-2022 12:00:00 AM","18383.01","18383.01"
"1000210135","INT","06-Jul-2022 12:00:00 AM","2894.99","2894.99"
"1000216851","PRI","15-Jul-2022 12:00:00 AM","2133.81","2133.81"
"1000216851","INT","15-Jul-2022 12:00:00 AM","370.19","370.19"
"1000216851","PRI","31-Jul-2022 12:00:00 AM","2167.47","2167.47"
"1000216851","INT","31-Jul-2022 12:00:00 AM","336.53","336.53"
"1000216956","PRI","30-Jul-2022 12:00:00 AM","19264.12","19264.12"
"1000216956","INT","30-Jul-2022 12:00:00 AM","7862.88","7862.88"
"1000217156","PRI","30-Jul-2022 12:00:00 AM","9203.78","9203.78"
"1000217847","INT","15-Jul-2022 12:00:00 AM","1008.4","1008.4"
"1000218256","PRI","15-Jul-2022 12:00:00 AM","3773.6","3773.6"
"1000218256","INT","15-Jul-2022 12:00:00 AM","1286.4","1286.4"
"1000216337","PEN","15-Jul-2022 12:00:00 AM","42.17","42.17"
"1000207509","PRI","29-Jul-2022 12:00:00 AM","23558.57","23558.57"
"1000207509","INT","29-Jul-2022 12:00:00 AM","6411.43","6411.43"
"1000207673","PRI","30-Jul-2022 12:00:00 AM","14322.94","14322.94"
"1000207673","INT","30-Jul-2022 12:00:00 AM","497.06","497.06"
"1000208858","PRI","29-Jul-2022 12:00:00 AM","23582.85","23582.85"
"1000208858","INT","29-Jul-2022 12:00:00 AM","2047.15","2047.15"
"1000209013","PRI","31-Jul-2022 12:00:00 AM","10067.7","10067.7"
"1000209013","INT","31-Jul-2022 12:00:00 AM","1033.3","1033.3"
"1000209790","PRI","29-Jul-2022 12:00:00 AM","15517.82","15517.82"
"1000209790","INT","29-Jul-2022 12:00:00 AM","2344.18","2344.18"
"1000212187","PRI","31-Jul-2022 12:00:00 AM","21209.99","21209.99"
"1000212187","INT","31-Jul-2022 12:00:00 AM","8991.01","8991.01"
"1000212761","PRI","29-Jul-2022 12:00:00 AM","24658.97","24658.97"
"1000212761","INT","29-Jul-2022 12:00:00 AM","12959.03","12959.03"
"1000213471","PRI","30-Jul-2022 12:00:00 AM","11266.89","11266.89"
"1000213471","INT","30-Jul-2022 12:00:00 AM","7558.11","7558.11"
"1000213616","PRI","29-Jul-2022 12:00:00 AM","8940.27","8940.27"
"1000213616","INT","29-Jul-2022 12:00:00 AM","2427.73","2427.73"
"1000215824","PRI","29-Jul-2022 12:00:00 AM","21510.4","21510.4"
"1000215824","INT","29-Jul-2022 12:00:00 AM","8937.6","8937.6"
"1000217394","PRI","29-Jul-2022 12:00:00 AM","10045.11","10045.11"
"1000217394","INT","29-Jul-2022 12:00:00 AM","10751.89","10751.89"
"1000205620","PRI","30-Jul-2022 12:00:00 AM","14360.2","14360.2"
"1000205620","INT","30-Jul-2022 12:00:00 AM","2289.8","2289.8"
"1000207207","PRI","30-Jul-2022 12:00:00 AM","15610.98","15610.98"
"1000207207","INT","30-Jul-2022 12:00:00 AM","3870.02","3870.02"
"1000209994","PRI","28-Jul-2022 12:00:00 AM","1095.22","1095.22"
"1000209994","INT","28-Jul-2022 12:00:00 AM",".78",".78"
"1000217904","PRI","13-Jul-2022 12:00:00 AM","1135.67","1135.67"
"1000217904","INT","13-Jul-2022 12:00:00 AM","2.33","2.33"
"1000203406","PRI","20-Jul-2022 12:00:00 AM","23066.84","23066.84"
"1000203406","INT","20-Jul-2022 12:00:00 AM","1908.16","1908.16"
"1000218309","INT","15-Jul-2022 12:00:00 AM","643.2","643.2"
"1000218403","PRI","15-Jul-2022 12:00:00 AM","3811.33","3811.33"
"1000218403","INT","15-Jul-2022 12:00:00 AM","1038.67","1038.67"
"1000214347","PRI","15-Jul-2022 12:00:00 AM","31227.4","31227.4"
"1000214347","INT","15-Jul-2022 12:00:00 AM","9457.6","9457.6"
"1000214151","PRI","15-Jul-2022 12:00:00 AM","30379.32","30379.32"
"1000214151","INT","15-Jul-2022 12:00:00 AM","9103.68","9103.68"
"1000214174","PRI","15-Jul-2022 12:00:00 AM","13357.8","13357.8"
"1000214174","INT","15-Jul-2022 12:00:00 AM","9590.2","9590.2"
"1000206880","PRI","15-Jul-2022 12:00:00 AM","18679.52","18679.52"
"1000206880","INT","15-Jul-2022 12:00:00 AM","4630.48","4630.48"
"1000219226","PRI","15-Jul-2022 12:00:00 AM","1696.32","1696.32"
"1000219226","INT","15-Jul-2022 12:00:00 AM","807.68","807.68"
"1000219331","PRI","15-Jul-2022 12:00:00 AM","3441.4","3441.4"
"1000219331","INT","15-Jul-2022 12:00:00 AM","1513.6","1513.6"
"1000217708","PRI","15-Jul-2022 12:00:00 AM","2035.97","2035.97"
"1000217708","INT","15-Jul-2022 12:00:00 AM","442.03","442.03"
"1000217388","PRI","15-Jul-2022 12:00:00 AM","4135.13","4135.13"
"1000217388","INT","15-Jul-2022 12:00:00 AM","819.87","819.87"
"1000217683","PRI","15-Jul-2022 12:00:00 AM","2035.97","2035.97"
"1000217683","INT","15-Jul-2022 12:00:00 AM","442.03","442.03"
"1000217970","PRI","15-Jul-2022 12:00:00 AM","3945.93","3945.93"
"1000217970","INT","15-Jul-2022 12:00:00 AM","1009.07","1009.07"
"1000218027","PRI","15-Jul-2022 12:00:00 AM","1958.27","1958.27"
"1000218027","INT","15-Jul-2022 12:00:00 AM","571.73","571.73"
"1000218264","PRI","15-Jul-2022 12:00:00 AM","1922.53","1922.53"
"1000218264","INT","15-Jul-2022 12:00:00 AM","607.47","607.47"
"1000218430","PRI","15-Jul-2022 12:00:00 AM","1864.59","1864.59"
"1000218430","INT","15-Jul-2022 12:00:00 AM","639.41","639.41"
"1000218527","PRI","15-Jul-2022 12:00:00 AM","2723","2723"
"1000218527","INT","15-Jul-2022 12:00:00 AM","1072","1072"
"1000218532","PRI","15-Jul-2022 12:00:00 AM","3725.47","3725.47"
"1000218532","INT","15-Jul-2022 12:00:00 AM","1176.53","1176.53"
"1000217430","PRI","15-Jul-2022 12:00:00 AM","2066.51","2066.51"
"1000217430","INT","15-Jul-2022 12:00:00 AM","437.49","437.49"
"1000218201","PRI","15-Jul-2022 12:00:00 AM","2883.8","2883.8"
"1000218201","INT","15-Jul-2022 12:00:00 AM","911.2","911.2"
"1000218316","PRI","15-Jul-2022 12:00:00 AM","1898.24","1898.24"
"1000218316","INT","15-Jul-2022 12:00:00 AM","605.76","605.76"
"1000218360","PRI","15-Jul-2022 12:00:00 AM","3843.12","3843.12"
"1000218360","INT","15-Jul-2022 12:00:00 AM","1058.88","1058.88"
"1000218473","PRI","15-Jul-2022 12:00:00 AM","1851.07","1851.07"
"1000218473","INT","15-Jul-2022 12:00:00 AM","678.93","678.93"
"1000218663","PRI","15-Jul-2022 12:00:00 AM","1779.6","1779.6"
"1000218663","INT","15-Jul-2022 12:00:00 AM","750.4","750.4"
"1000219323","PRI","15-Jul-2022 12:00:00 AM","3490.16","3490.16"
"1000219323","INT","15-Jul-2022 12:00:00 AM","1411.84","1411.84"
"1000218993","PRI","15-Jul-2022 12:00:00 AM","3592.67","3592.67"
"1000218993","INT","15-Jul-2022 12:00:00 AM","1257.33","1257.33"
"1000219162","PRI","15-Jul-2022 12:00:00 AM","3490.16","3490.16"
"1000219162","INT","15-Jul-2022 12:00:00 AM","1411.84","1411.84"
"1000219282","PRI","15-Jul-2022 12:00:00 AM","1720.24","1720.24"
"1000206219","PRI","20-Jul-2022 12:00:00 AM","17840.99","17840.99"
"1000206219","INT","20-Jul-2022 12:00:00 AM","3605.01","3605.01"
"1000208351","PRI","19-Jul-2022 12:00:00 AM","9648.93","9648.93"
"1000208351","INT","19-Jul-2022 12:00:00 AM","746.07","746.07"
"1000210356","PRI","20-Jul-2022 12:00:00 AM","10407.04","10407.04"
"1000210356","INT","20-Jul-2022 12:00:00 AM","1579.96","1579.96"
"1000210551","PRI","19-Jul-2022 12:00:00 AM","11327.43","11327.43"
"1000210551","INT","19-Jul-2022 12:00:00 AM","5464.57","5464.57"
"1000212058","PRI","19-Jul-2022 12:00:00 AM","11605.73","11605.73"
"1000212058","INT","19-Jul-2022 12:00:00 AM","1348.27","1348.27"
"1000212411","PRI","19-Jul-2022 12:00:00 AM","21862.89","21862.89"
"1000212411","INT","19-Jul-2022 12:00:00 AM","10064.11","10064.11"
"1000212511","PRI","20-Jul-2022 12:00:00 AM","14555.04","14555.04"
"1000212511","INT","20-Jul-2022 12:00:00 AM","1896.96","1896.96"
"1000212917","PRI","19-Jul-2022 12:00:00 AM","20424.35","20424.35"
"1000212917","INT","19-Jul-2022 12:00:00 AM","11008.65","11008.65"
"1000212926","PRI","20-Jul-2022 12:00:00 AM","14181.62","14181.62"
"1000212926","INT","20-Jul-2022 12:00:00 AM","7578.38","7578.38"
"1000213308","PRI","20-Jul-2022 12:00:00 AM","23095.18","23095.18"
"1000213308","INT","20-Jul-2022 12:00:00 AM","13433.82","13433.82"
"1000213538","PRI","20-Jul-2022 12:00:00 AM","22733.51","22733.51"
"1000213538","INT","20-Jul-2022 12:00:00 AM","14246.49","14246.49"
"1000214021","PRI","20-Jul-2022 12:00:00 AM","14740.1","14740.1"
"1000214021","INT","20-Jul-2022 12:00:00 AM","9846.9","9846.9"
"1000214186","PRI","18-Jul-2022 12:00:00 AM","8335.69","8335.69"
"1000214186","INT","18-Jul-2022 12:00:00 AM","6050.31","6050.31"
"1000215163","PRI","20-Jul-2022 12:00:00 AM","34361.71","34361.71"
"1000215163","INT","20-Jul-2022 12:00:00 AM","9846.29","9846.29"
"1000216126","PRI","20-Jul-2022 12:00:00 AM","17090.44","17090.44"
"1000216126","INT","20-Jul-2022 12:00:00 AM","7586.56","7586.56"
"1000217618","PRI","15-Jul-2022 12:00:00 AM","1217.84","1217.84"
"1000217618","INT","15-Jul-2022 12:00:00 AM","300.16","300.16"
"1000217740","PRI","15-Jul-2022 12:00:00 AM","2029.73","2029.73"
"1000209251","PRI","26-Jul-2022 12:00:00 AM","14666.44","14666.44"
"1000209251","INT","26-Jul-2022 12:00:00 AM","1666.56","1666.56"
"1000209692","PRI","23-Jul-2022 12:00:00 AM","12440.44","12440.44"
"1000209692","INT","23-Jul-2022 12:00:00 AM","1654.56","1654.56"
"1000217751","INT","30-Jul-2022 12:00:00 AM","3342.48","3342.48"
"1000217957","PRI","15-Jul-2022 12:00:00 AM","2392.8","2392.8"
"1000217957","INT","15-Jul-2022 12:00:00 AM","643.2","643.2"
"1000214239","PRI","22-Jul-2022 12:00:00 AM","7513.84","7513.84"
"1000214239","INT","22-Jul-2022 12:00:00 AM","5394.16","5394.16"
"1000211816","PRI","15-Jul-2022 12:00:00 AM","5451.2","5451.2"
"1000211816","INT","15-Jul-2022 12:00:00 AM","1998.8","1998.8"
"1000213913","PRI","15-Jul-2022 12:00:00 AM","20758.64","20758.64"
"1000213913","INT","15-Jul-2022 12:00:00 AM","5563.36","5563.36"
"1000214214","PRI","15-Jul-2022 12:00:00 AM","15400.64","15400.64"
"1000214214","INT","15-Jul-2022 12:00:00 AM","4615.36","4615.36"
"1000216097","PRI","15-Jul-2022 12:00:00 AM","6896.62","6896.62"
"1000216097","INT","15-Jul-2022 12:00:00 AM","7509.38","7509.38"
"1000216175","PRI","15-Jul-2022 12:00:00 AM","6835.8","6835.8"
"1000216175","INT","15-Jul-2022 12:00:00 AM","6051.2","6051.2"
"1000216424","PRI","18-Jul-2022 12:00:00 AM","8492.65","8492.65"
"1000216424","INT","18-Jul-2022 12:00:00 AM","4120.35","4120.35"
"1000217370","PRI","20-Jul-2022 12:00:00 AM","7827.82","7827.82"
"1000217370","INT","20-Jul-2022 12:00:00 AM","14007.18","14007.18"
"1000215226","PRI","15-Jul-2022 12:00:00 AM","2422.8","2422.8"
"1000219282","INT","15-Jul-2022 12:00:00 AM","757.76","757.76"
"1000215946","PRI","15-Jul-2022 12:00:00 AM","3473.4","3473.4"
"1000215946","INT","15-Jul-2022 12:00:00 AM","321.6","321.6"
"1000215215","PRI","15-Jul-2022 12:00:00 AM","2383.28","0"
"1000215215","INT","15-Jul-2022 12:00:00 AM","94.72","0"
"1000216074","PRI","15-Jul-2022 12:00:00 AM","2315.6","2315.6"
"1000216074","INT","15-Jul-2022 12:00:00 AM","214.4","214.4"
"1000218070","PRI","15-Jul-2022 12:00:00 AM","1958.27","1958.27"
"1000218070","INT","15-Jul-2022 12:00:00 AM","571.73","571.73"
"1000218178","PRI","15-Jul-2022 12:00:00 AM","1159.28","1159.28"
"1000218178","INT","15-Jul-2022 12:00:00 AM","342.72","342.72"
"1000218938","PRI","15-Jul-2022 12:00:00 AM","1743.87","1743.87"
"1000218938","INT","15-Jul-2022 12:00:00 AM","786.13","786.13"
"1000219138","PRI","15-Jul-2022 12:00:00 AM","3344.8","3344.8"
"1000219138","INT","15-Jul-2022 12:00:00 AM","1715.2","1715.2"
"1000206928","BC ","14-Jul-2022 12:00:00 AM","20","20"
"1000218309","PRI","15-Jul-2022 12:00:00 AM","1886.8","1886.8"
"1000214383","PRI","31-Jul-2022 12:00:00 AM","9254.95","9254.95"
"1000214383","INT","31-Jul-2022 12:00:00 AM","6645.05","6645.05"
"1000214413","PRI","31-Jul-2022 12:00:00 AM","13152.04","13152.04"
"1000214413","INT","31-Jul-2022 12:00:00 AM","9275.96","9275.96"
"1000207932","PRI","31-Jul-2022 12:00:00 AM","6877.69","0"
"1000207932","INT","31-Jul-2022 12:00:00 AM","390.31","0"
"1000208131","PRI","31-Jul-2022 12:00:00 AM","18002.08","0"
"1000208131","INT","31-Jul-2022 12:00:00 AM","1064.92","0"
"1000213360","PRI","30-Jul-2022 12:00:00 AM","10527.57","10527.57"
"1000213360","INT","30-Jul-2022 12:00:00 AM","6068.43","6068.43"
"1000214048","PRI","30-Jul-2022 12:00:00 AM","15968.42","15968.42"
"1000214048","INT","30-Jul-2022 12:00:00 AM","10667.58","10667.58"
"1000211611","PRI","31-Jul-2022 12:00:00 AM","19692.5","19692.5"
"1000211611","INT","31-Jul-2022 12:00:00 AM","7015.5","7015.5"
"1000212372","PRI","31-Jul-2022 12:00:00 AM","36402.33","36402.33"
"1000212372","INT","31-Jul-2022 12:00:00 AM","3712.67","3712.67"
"1000215617","PRI","30-Jul-2022 12:00:00 AM","6951.83","0"
"1000215617","INT","30-Jul-2022 12:00:00 AM","5752.17","0"
"1000214428","PRI","31-Jul-2022 12:00:00 AM","19056.07","19056.07"
"1000214428","INT","31-Jul-2022 12:00:00 AM","13815.93","13815.93"
"1000209587","PRI","30-Jul-2022 12:00:00 AM","4843.29","4843.29"
"1000210445","INT","31-Jul-2022 12:00:00 AM","5933.06","5933.06"
"1000210704","PRI","30-Jul-2022 12:00:00 AM","9045.71","9045.71"
"1000217145","PRI","30-Jul-2022 12:00:00 AM","8614.83","8614.83"
"1000217145","INT","30-Jul-2022 12:00:00 AM","8251.17","8251.17"
"1000216593","PRI","31-Jul-2022 12:00:00 AM","5897.95","5897.95"
"1000216593","INT","31-Jul-2022 12:00:00 AM","7340.05","7340.05"
"1000218381","PRI","30-Jul-2022 12:00:00 AM","6292.88","6292.88"
"1000218381","INT","30-Jul-2022 12:00:00 AM","5041.12","5041.12"
"1000217118","PRI","30-Jul-2022 12:00:00 AM","7228.34","7228.34"
"1000217118","INT","30-Jul-2022 12:00:00 AM","7737.66","7737.66"
"1000217477","PRI","31-Jul-2022 12:00:00 AM","2101.2","2101.2"
"1000217477","INT","31-Jul-2022 12:00:00 AM","428.8","428.8"
"1000203872","PRI","23-Jul-2022 12:00:00 AM","10532.06","10532.06"
"1000203872","INT","23-Jul-2022 12:00:00 AM","1050.94","1050.94"
"1000213378","PRI","30-Jul-2022 12:00:00 AM","16529.36","16529.36"
"1000213378","INT","30-Jul-2022 12:00:00 AM","3932.64","3932.64"
"1000215104","PRI","30-Jul-2022 12:00:00 AM","40317.03","0"
"1000215104","INT","30-Jul-2022 12:00:00 AM","13423.97",".2"
"1000216786","PRI","04-Jul-2022 12:00:00 AM","7828.4","7828.4"
"1000209404","INT","25-Jul-2022 12:00:00 AM","3279.18","3279.18"
"1000210224","PRI","26-Jul-2022 12:00:00 AM","5330.44","5330.44"
"1000216154","PEN","23-Jul-2022 12:00:00 AM","613.57","613.57"
"1000216869","PEN","15-Jul-2022 12:00:00 AM","1.11","1.11"
"1000216869","PEN","31-Jul-2022 12:00:00 AM","18.62","18.62"
"1000219331","PEN","31-Jul-2022 12:00:00 AM","16.52","16.52"
"1000215988","PRI","31-Jul-2022 12:00:00 AM","6510.35","6510.35"
"1000215988","INT","31-Jul-2022 12:00:00 AM","10506.65","10506.65"
"1000215988","CCF","04-Jul-2022 12:00:00 AM","1000","1000"
"1000218624","PRI","31-Jul-2022 12:00:00 AM","5416.22","5416.22"
"1000218624","INT","31-Jul-2022 12:00:00 AM","8683.78","8683.78"
"1000218624","INS","28-Jul-2022 12:00:00 AM","13539.23","13539.23"
"1000218448","PRI","31-Jul-2022 12:00:00 AM","1909.68","0"
"1000218448","INT","31-Jul-2022 12:00:00 AM","568.32","156"
"1000216382","PRI","30-Jul-2022 12:00:00 AM","30241.11","29241.87"
"1000216382","INT","30-Jul-2022 12:00:00 AM","14135.89","14135.89"
"1000216382","CCF","04-Jul-2022 12:00:00 AM","1000","1000"
"1000215849","CCF","04-Jul-2022 12:00:00 AM","1000","0"
"1000213378","CCF","04-Jul-2022 12:00:00 AM","1000","1000"
"1000211620","CCF","04-Jul-2022 12:00:00 AM","1000","1000"
"1000207614","CCF","04-Jul-2022 12:00:00 AM","1000","1000"
"1000210372","CCF","04-Jul-2022 12:00:00 AM","1000","1000"
"1000214083","CCF","04-Jul-2022 12:00:00 AM","1000","1000"
"1000212687","CCF","04-Jul-2022 12:00:00 AM","1000","1000"
"1000211980","CCF","04-Jul-2022 12:00:00 AM","1000","1000"
"1000215104","CCF","04-Jul-2022 12:00:00 AM","1000","1000"
"1000217550","CCF","04-Jul-2022 12:00:00 AM","500","500"
"1000217101","CCF","04-Jul-2022 12:00:00 AM","500","500"
"1000216869","CCF","04-Jul-2022 12:00:00 AM","500","500"
"1000218633","CCF","04-Jul-2022 12:00:00 AM","1000","1000"
"1000213465","PRI","30-Jul-2022 12:00:00 AM","9589.59","9589.59"
"1000209587","INT","30-Jul-2022 12:00:00 AM","1873.71","1873.71"
"1000212003","PRI","30-Jul-2022 12:00:00 AM","22335.02","22335.02"
"1000212003","INT","30-Jul-2022 12:00:00 AM","7832.98","7832.98"
"1000214374","PRI","31-Jul-2022 12:00:00 AM","15557.73","15557.73"
"1000214374","INT","31-Jul-2022 12:00:00 AM","22319.27","22319.27"
"1000214468","PRI","31-Jul-2022 12:00:00 AM","13251","13251"
"1000214468","INT","31-Jul-2022 12:00:00 AM","3024","3024"
"1000214503","PRI","31-Jul-2022 12:00:00 AM","9367.63","9367.63"
"1000214503","INT","31-Jul-2022 12:00:00 AM","12414.37","12414.37"
"1000214539","PRI","31-Jul-2022 12:00:00 AM","7633.07","7633.07"
"1000214539","INT","31-Jul-2022 12:00:00 AM","5479.93","5479.93"
"1000205026","PRI","31-Jul-2022 12:00:00 AM","14030.04","0"
"1000205026","INT","31-Jul-2022 12:00:00 AM","1953.96","0"
"1000211794","PRI","31-Jul-2022 12:00:00 AM","20465.4","20465.4"
"1000211794","INT","31-Jul-2022 12:00:00 AM","1199.6","1199.6"
"1000207614","PRI","30-Jul-2022 12:00:00 AM","14400.3","8709.23"
"1000207614","INT","30-Jul-2022 12:00:00 AM","499.7","499.7"
"1000211077","PRI","30-Jul-2022 12:00:00 AM","31048.95","28041.63"
"1000211077","INT","30-Jul-2022 12:00:00 AM","660.05","660.05"
"1000214083","PRI","30-Jul-2022 12:00:00 AM","10893.83","0"
"1000214083","INT","30-Jul-2022 12:00:00 AM","3499.17","3376.25"
"1000214105","PRI","30-Jul-2022 12:00:00 AM","13744.05","13744.05"
"1000214105","INT","30-Jul-2022 12:00:00 AM","8548.95","8548.95"
"1000214120","PRI","30-Jul-2022 12:00:00 AM","9895.65","9895.65"
"1000214120","INT","30-Jul-2022 12:00:00 AM","6212.35","6212.35"
"1000216774","PRI","31-Jul-2022 12:00:00 AM","2172.67","2172.67"
"1000216774","INT","31-Jul-2022 12:00:00 AM","357.33","357.33"
"1000216808","PRI","31-Jul-2022 12:00:00 AM","2172.67","2172.67"
"1000216808","INT","31-Jul-2022 12:00:00 AM","357.33","357.33"
"1000216815","PRI","31-Jul-2022 12:00:00 AM","2172.67","2172.67"
"1000216815","INT","31-Jul-2022 12:00:00 AM","357.33","357.33"
"1000216869","PRI","31-Jul-2022 12:00:00 AM","4324.33","4324.33"
"1000216869","INT","31-Jul-2022 12:00:00 AM","630.67","630.67"
"1000217008","PRI","30-Jul-2022 12:00:00 AM","5318.11","5318.11"
"1000217008","INT","30-Jul-2022 12:00:00 AM","5691.89","5691.89"
"1000217018","PRI","30-Jul-2022 12:00:00 AM","8082.86","8082.86"
"1000217018","INT","30-Jul-2022 12:00:00 AM","15601.14","15601.14"
"1000217021","PRI","30-Jul-2022 12:00:00 AM","2136.93","2136.93"
"1000217021","INT","30-Jul-2022 12:00:00 AM","393.07","393.07"
"1000217049","PRI","30-Jul-2022 12:00:00 AM","46268.77","46268.77"
"1000217049","INT","30-Jul-2022 12:00:00 AM","5225.23","5225.23"
"1000217170","PRI","30-Jul-2022 12:00:00 AM","2133.81","2133.81"
"1000217170","INT","30-Jul-2022 12:00:00 AM","370.19","370.19"
"1000219278","PRI","31-Jul-2022 12:00:00 AM","1708.13","1708.13"
"1000219278","INT","31-Jul-2022 12:00:00 AM","821.87","821.87"
"1000217571","PRI","30-Jul-2022 12:00:00 AM","12206.98","12206.98"
"1000217571","INT","30-Jul-2022 12:00:00 AM","11060.02","11060.02"
"1000217602","PRI","30-Jul-2022 12:00:00 AM","17358.89","17358.89"
"1000217602","INT","30-Jul-2022 12:00:00 AM","8938.11","8938.11"
"1000217639","PRI","31-Jul-2022 12:00:00 AM","2032.85","2032.85"
"1000217639","INT","31-Jul-2022 12:00:00 AM","471.15","471.15"
"1000217675","PRI","30-Jul-2022 12:00:00 AM","6837.84","6837.84"
"1000217675","INT","30-Jul-2022 12:00:00 AM","7842.16","7842.16"
"1000217811","PRI","31-Jul-2022 12:00:00 AM","1994","1994"
"1000217811","INT","31-Jul-2022 12:00:00 AM","536","536"
"1000217924","PRI","31-Jul-2022 12:00:00 AM","4078.43","4078.43"
"1000217924","INT","31-Jul-2022 12:00:00 AM","823.57","823.57"
"1000215559","PRI","30-Jul-2022 12:00:00 AM","7593.34","7593.34"
"1000215559","INT","30-Jul-2022 12:00:00 AM","11465.66","11465.66"
"1000218813","PRI","30-Jul-2022 12:00:00 AM","1814.96","1814.96"
"1000218813","INT","30-Jul-2022 12:00:00 AM","663.04","663.04"
"1000215849","PRI","31-Jul-2022 12:00:00 AM","8559.2","0"
"1000215849","INT","31-Jul-2022 12:00:00 AM","3644.8","0"
"1000216007","PRI","31-Jul-2022 12:00:00 AM","9770.81","9770.81"
"1000216007","INT","31-Jul-2022 12:00:00 AM","8669.19","8669.19"
"1000214567","PRI","31-Jul-2022 12:00:00 AM","19798.23","19798.23"
"1000214567","INT","31-Jul-2022 12:00:00 AM","14213.77","14213.77"
"1000214773","PRI","31-Jul-2022 12:00:00 AM","8825.71","8825.71"
"1000214773","INT","31-Jul-2022 12:00:00 AM","6336.29","6336.29"
"1000217296","PRI","31-Jul-2022 12:00:00 AM","2101.2","2101.2"
"1000217296","INT","31-Jul-2022 12:00:00 AM","428.8","428.8"
"1000215215","PRI","31-Jul-2022 12:00:00 AM","2414.85","0"
"1000215215","INT","31-Jul-2022 12:00:00 AM","63.15","0"
"1000217683","PRI","30-Jul-2022 12:00:00 AM","2067.55","2067.55"
"1000217683","INT","30-Jul-2022 12:00:00 AM","410.45","410.45"
"1000217970","PRI","31-Jul-2022 12:00:00 AM","4009","4009"
"1000217970","INT","31-Jul-2022 12:00:00 AM","946","946"
"1000218027","PRI","31-Jul-2022 12:00:00 AM","1994","1994"
"1000218027","INT","31-Jul-2022 12:00:00 AM","536","536"
"1000218264","PRI","31-Jul-2022 12:00:00 AM","1958.27","1958.27"
"1000218264","INT","31-Jul-2022 12:00:00 AM","571.73","571.73"
"1000218430","PRI","31-Jul-2022 12:00:00 AM","1898.24","1898.24"
"1000218430","INT","31-Jul-2022 12:00:00 AM","605.76","605.76"
"1000218527","PRI","31-Jul-2022 12:00:00 AM","2776.6","2776.6"
"1000218527","INT","31-Jul-2022 12:00:00 AM","1018.4","1018.4"
"1000218532","PRI","31-Jul-2022 12:00:00 AM","3784.29","3784.29"
"1000218532","INT","31-Jul-2022 12:00:00 AM","1117.71","1117.71"
"1000219310","PRI","31-Jul-2022 12:00:00 AM","6569.73","6569.73"
"1000219310","INT","31-Jul-2022 12:00:00 AM","9342.27","9342.27"
"1000217699","PRI","30-Jul-2022 12:00:00 AM","4135.13","4135.13"
"1000217699","INT","30-Jul-2022 12:00:00 AM","819.87","819.87"
"1000218050","PRI","31-Jul-2022 12:00:00 AM","5030.02","5030.02"
"1000218050","INT","31-Jul-2022 12:00:00 AM","6183.98","6183.98"
"1000216527","PRI","31-Jul-2022 12:00:00 AM","7708.38","7708.38"
"1000216527","INT","31-Jul-2022 12:00:00 AM","7863.62","7863.62"
"1000214643","PRI","31-Jul-2022 12:00:00 AM","16604.63","16604.63"
"1000214643","INT","31-Jul-2022 12:00:00 AM","2179.37","2179.37"
"1000215080","PRI","30-Jul-2022 12:00:00 AM","2494.27","0"
"1000215080","INT","30-Jul-2022 12:00:00 AM","35.73","0"
"1000215683","PRI","30-Jul-2022 12:00:00 AM","7457.56","7457.56"
"1000215683","INT","30-Jul-2022 12:00:00 AM","11261.44","11261.44"
"1000216713","PRI","31-Jul-2022 12:00:00 AM","2925.61","2925.61"
"1000216713","INT","31-Jul-2022 12:00:00 AM","5413.39","5413.39"
"1000217099","PRI","30-Jul-2022 12:00:00 AM","4254.91","4254.91"
"1000217099","INT","30-Jul-2022 12:00:00 AM","647.09","647.09"
"1000217847","PRI","31-Jul-2022 12:00:00 AM","4065.83","4065.83"
"1000217847","INT","31-Jul-2022 12:00:00 AM","941.17","941.17"
"1000217968","PRI","30-Jul-2022 12:00:00 AM","6490.77","6490.77"
"1000217968","INT","30-Jul-2022 12:00:00 AM","6636.23","6636.23"
"1000218004","PRI","31-Jul-2022 12:00:00 AM","12974.47","12974.47"
"1000218004","INT","31-Jul-2022 12:00:00 AM","6512.53","6512.53"
"1000219125","PRI","31-Jul-2022 12:00:00 AM","4666.89","4666.89"
"1000219125","INT","31-Jul-2022 12:00:00 AM","7628.11","7628.11"
"1000219194","PRI","31-Jul-2022 12:00:00 AM","2661.32","2661.32"
"1000219194","INT","31-Jul-2022 12:00:00 AM","1015.68","1015.68"
"1000219138","PRI","31-Jul-2022 12:00:00 AM","3416.27","3416.27"
"1000219138","INT","31-Jul-2022 12:00:00 AM","1643.73","1643.73"
"1000217708","PRI","30-Jul-2022 12:00:00 AM","2067.55","2067.55"
"1000217708","INT","30-Jul-2022 12:00:00 AM","410.45","410.45"
"1000217986","PRI","31-Jul-2022 12:00:00 AM","13155.29","13155.29"
"1000217986","INT","31-Jul-2022 12:00:00 AM","16553.71","16553.71"
"1000218018","PRI","31-Jul-2022 12:00:00 AM","16205.05","16205.05"
"1000218018","INT","31-Jul-2022 12:00:00 AM","2461.95","2461.95"
"1000217388","PRI","31-Jul-2022 12:00:00 AM","4198.2","4198.2"
"1000217388","INT","31-Jul-2022 12:00:00 AM","756.8","756.8"
"1000216754","PRI","31-Jul-2022 12:00:00 AM","5732.9","5732.9"
"1000216754","INT","31-Jul-2022 12:00:00 AM","10603.1","10603.1"
"1000217430","PRI","31-Jul-2022 12:00:00 AM","2100.16","2100.16"
"1000217430","INT","31-Jul-2022 12:00:00 AM","403.84","403.84"
"1000218201","PRI","31-Jul-2022 12:00:00 AM","2937.4","2937.4"
"1000218201","INT","31-Jul-2022 12:00:00 AM","857.6","857.6"
"1000218316","PRI","30-Jul-2022 12:00:00 AM","1931.89","1931.89"
"1000218316","INT","30-Jul-2022 12:00:00 AM","572.11","572.11"
"1000218327","PRI","30-Jul-2022 12:00:00 AM","7183.3","7183.3"
"1000218327","INT","30-Jul-2022 12:00:00 AM","7358.7","7358.7"
"1000218338","PRI","30-Jul-2022 12:00:00 AM","10299.98","10299.98"
"1000218338","INT","30-Jul-2022 12:00:00 AM","15596.02","15596.02"
"1000218360","PRI","30-Jul-2022 12:00:00 AM","3901.95","3901.95"
"1000218360","INT","30-Jul-2022 12:00:00 AM","1000.05","1000.05"
"1000218473","PRI","31-Jul-2022 12:00:00 AM","1886.8","1886.8"
"1000218473","INT","31-Jul-2022 12:00:00 AM","643.2","643.2"
"1000218514","PRI","31-Jul-2022 12:00:00 AM","8307.58","8307.58"
"1000218514","INT","31-Jul-2022 12:00:00 AM","11755.42","11755.42"
"1000218589","PRI","31-Jul-2022 12:00:00 AM","5909.41","5909.41"
"1000218589","INT","31-Jul-2022 12:00:00 AM","8363.59","8363.59"
"1000218663","PRI","31-Jul-2022 12:00:00 AM","1815.33","1815.33"
"1000218663","INT","31-Jul-2022 12:00:00 AM","714.67","714.67"
"1000218225","PRI","31-Jul-2022 12:00:00 AM","3975.33","3975.33"
"1000218225","INT","31-Jul-2022 12:00:00 AM","874.67","874.67"
"1000218925","PRI","30-Jul-2022 12:00:00 AM","16170.27","16170.27"
"1000218925","INT","30-Jul-2022 12:00:00 AM","18729.73","18729.73"
"1000219282","PRI","31-Jul-2022 12:00:00 AM","1751.81","1751.81"
"1000219282","INT","31-Jul-2022 12:00:00 AM","726.19","726.19"
"1000215946","PRI","31-Jul-2022 12:00:00 AM","3527","3527"
"1000215946","INT","31-Jul-2022 12:00:00 AM","268","268"
"1000219014","PRI","31-Jul-2022 12:00:00 AM","3607.81","3607.81"
"1000219014","INT","31-Jul-2022 12:00:00 AM","1294.19","1294.19"
"1000219094","PRI","31-Jul-2022 12:00:00 AM","1708.13","1708.13"
"1000219094","INT","31-Jul-2022 12:00:00 AM","821.87","821.87"
"1000219294","PRI","31-Jul-2022 12:00:00 AM","3789","3789"
"1000219294","INT","31-Jul-2022 12:00:00 AM","824","824"
"1000219368","PRI","31-Jul-2022 12:00:00 AM","5211.08","5211.08"
"1000219368","INT","31-Jul-2022 12:00:00 AM","6422.92","6422.92"
"1000218596","PRI","31-Jul-2022 12:00:00 AM","1851.07","1851.07"
"1000218596","INT","31-Jul-2022 12:00:00 AM","678.93","678.93"
"1000218618","PRI","31-Jul-2022 12:00:00 AM","12435.5","12435.5"
"1000218618","INT","31-Jul-2022 12:00:00 AM","13546.5","13546.5"
"1000218564","PRI","31-Jul-2022 12:00:00 AM","1851.07","1851.07"
"1000218564","INT","31-Jul-2022 12:00:00 AM","678.93","678.93"
"1000218601","PRI","31-Jul-2022 12:00:00 AM","3799.32","3799.32"
"1000218601","INT","31-Jul-2022 12:00:00 AM","5375.68","5375.68"
"1000218786","PRI","30-Jul-2022 12:00:00 AM","3630.6","3630.6"
"1000218786","INT","30-Jul-2022 12:00:00 AM","1324.4","1324.4"
"1000218804","PRI","30-Jul-2022 12:00:00 AM","6097.01","6097.01"
"1000218804","INT","30-Jul-2022 12:00:00 AM","17726.99","17726.99"
"1000218540","PRI","31-Jul-2022 12:00:00 AM","1851.07","1851.07"
"1000218540","INT","31-Jul-2022 12:00:00 AM","678.93","678.93"
"1000218572","PRI","31-Jul-2022 12:00:00 AM","1851.07","1851.07"
"1000218572","INT","31-Jul-2022 12:00:00 AM","678.93","678.93"
"1000218654","PRI","31-Jul-2022 12:00:00 AM","1830.93","1830.93"
"1000218654","INT","31-Jul-2022 12:00:00 AM","673.07","673.07"
"1000218703","PRI","30-Jul-2022 12:00:00 AM","3630.6","3630.6"
"1000218703","INT","30-Jul-2022 12:00:00 AM","1324.4","1324.4"
"1000218772","PRI","30-Jul-2022 12:00:00 AM","17944","17944"
"1000218772","INT","30-Jul-2022 12:00:00 AM","15456","15456"
"1000219151","PRI","31-Jul-2022 12:00:00 AM","21981.35","21981.35"
"1000219151","INT","31-Jul-2022 12:00:00 AM","23352.65","23352.65"
"1000216742","PRI","31-Jul-2022 12:00:00 AM","77405.77","77405.77"
"1000216742","INT","31-Jul-2022 12:00:00 AM","8019.23","8019.23"
"1000218831","PRI","30-Jul-2022 12:00:00 AM","7039.09","7039.09"
"1000218831","INT","30-Jul-2022 12:00:00 AM","10699.91","10699.91"
"1000218879","PRI","30-Jul-2022 12:00:00 AM","4045.3","4045.3"
"1000218879","INT","30-Jul-2022 12:00:00 AM","6149.7","6149.7"
"1000214983","PRI","30-Jul-2022 12:00:00 AM","9056.17","9056.17"
"1000210259","PEN","28-Jul-2022 12:00:00 AM","122.66","122.66"
"1000215467","PEN","15-Jul-2022 12:00:00 AM","522.87","522.87"
"1000216154","PRI","23-Jul-2022 12:00:00 AM","22242.38","22242.38"
"1000216154","INT","23-Jul-2022 12:00:00 AM","7374.62","7374.62"
"1000216154","CCF","27-Jul-2022 12:00:00 AM","1000","1000"
"1000218448","PRI","15-Jul-2022 12:00:00 AM","1878.11","1878.11"
"1000218448","INT","15-Jul-2022 12:00:00 AM","599.89","599.89"
"1000214011","PRI","30-Jul-2022 12:00:00 AM","38922.48","0"
"1000214011","INT","30-Jul-2022 12:00:00 AM","10431.52","0"
"1000211751","PRI","31-Jul-2022 12:00:00 AM","36249.36","36249.36"
"1000211751","INT","31-Jul-2022 12:00:00 AM","2236.64","2236.64"
"1000215022","PRI","30-Jul-2022 12:00:00 AM","9067.86","0"
"1000215022","INT","30-Jul-2022 12:00:00 AM","12823.14","0"
"1000215022","BC ","01-Jul-2022 12:00:00 AM","20","20"
"1000209960","CCF","04-Jul-2022 12:00:00 AM","1000","1000"
"1000217464","CCF","04-Jul-2022 12:00:00 AM","1000","0"
"1000213465","INT","30-Jul-2022 12:00:00 AM","10490.41","10490.41"
"1000216869","BC ","08-Jul-2022 12:00:00 AM","20","20"
"1000215425","PRI","10-Jul-2022 12:00:00 AM","7651.5","7651.5"
"1000215425","INT","10-Jul-2022 12:00:00 AM","7178.5","7178.5"
"1000217418","PRI","10-Jul-2022 12:00:00 AM","8547.3","8547.3"
"1000217418","INT","10-Jul-2022 12:00:00 AM","9802.7","9802.7"
"1000218890","PRI","11-Jul-2022 12:00:00 AM","2217.11","2217.11"
"1000218890","INT","11-Jul-2022 12:00:00 AM","5203.89","5203.89"
"1000216869","PRI","15-Jul-2022 12:00:00 AM","4261.27","4261.27"
"1000216869","INT","15-Jul-2022 12:00:00 AM","693.73","693.73"
"1000218484","INS","11-Jul-2022 12:00:00 AM","14679.91","14679.91"
"1000207967","BC ","11-Jul-2022 12:00:00 AM","20","20"
"1000214254","PRI","23-Jul-2022 12:00:00 AM","16652.15","16652.15"
"1000214254","INT","23-Jul-2022 12:00:00 AM","11214.85","11214.85"
"1000214885","INT","13-Jul-2022 12:00:00 AM","23.47","23.47"
"1000213577","PRI","27-Jul-2022 12:00:00 AM","14672.6","14672.6"
"1000213577","INT","27-Jul-2022 12:00:00 AM","3490.4","3490.4"
"1000218484","PRI","23-Jul-2022 12:00:00 AM","9764","9764"
"1000218484","INT","23-Jul-2022 12:00:00 AM","6336","6336"
"1000215907","PRI","15-Jul-2022 12:00:00 AM","2302.08","2302.08"
"1000215907","INT","15-Jul-2022 12:00:00 AM","201.92","201.92"
"1000215911","PRI","15-Jul-2022 12:00:00 AM","657.76","657.76"
"1000215911","INT","15-Jul-2022 12:00:00 AM","30.24","30.24"
"1000217550","PRI","15-Jul-2022 12:00:00 AM","6522.77","6522.77"
"1000217550","INT","15-Jul-2022 12:00:00 AM","121.23","121.23"
"1000216061","PRI","31-Jul-2022 12:00:00 AM","4639.67","4639.67"
"1000216061","INT","31-Jul-2022 12:00:00 AM","315.33","315.33"
"1000216417","PRI","31-Jul-2022 12:00:00 AM","2225.41","2225.41"
"1000216417","INT","31-Jul-2022 12:00:00 AM","252.59","252.59"
"1000216505","PRI","31-Jul-2022 12:00:00 AM","2193.84","2193.84"
"1000216505","INT","31-Jul-2022 12:00:00 AM","284.16","284.16"
"1000217550","PRI","30-Jul-2022 12:00:00 AM","6583.38","6583.38"
"1000217550","INT","30-Jul-2022 12:00:00 AM","60.62","60.62"
"1000217589","PRI","30-Jul-2022 12:00:00 AM","3099.8","3099.8"
"1000217589","INT","30-Jul-2022 12:00:00 AM","655.2","655.2"
"1000217620","PRI","31-Jul-2022 12:00:00 AM","2991","2991"
"1000217620","INT","31-Jul-2022 12:00:00 AM","804","804"
"1000217804","PRI","31-Jul-2022 12:00:00 AM","4072.07","4072.07"
"1000217804","INT","31-Jul-2022 12:00:00 AM","882.93","882.93"
"1000217957","PRI","31-Jul-2022 12:00:00 AM","2435.68","2435.68"
"1000217957","INT","31-Jul-2022 12:00:00 AM","600.32","600.32"
"1000218159","PRI","31-Jul-2022 12:00:00 AM","986.41","986.41"
"1000218159","INT","31-Jul-2022 12:00:00 AM","252.59","252.59"
"1000218467","PRI","31-Jul-2022 12:00:00 AM","1898.24","1898.24"
"1000218467","INT","31-Jul-2022 12:00:00 AM","605.76","605.76"
"1000219004","PRI","31-Jul-2022 12:00:00 AM","1783.39","1783.39"
"1000219004","INT","31-Jul-2022 12:00:00 AM","694.61","694.61"
"1000219162","PRI","31-Jul-2022 12:00:00 AM","3548.99","3548.99"
"1000219162","INT","31-Jul-2022 12:00:00 AM","1353.01","1353.01"
"1000219268","PRI","31-Jul-2022 12:00:00 AM","26499.92","26499.92"
"1000219268","INT","31-Jul-2022 12:00:00 AM","7091.08","7091.08"
"1000216849","INT","31-Jul-2022 12:00:00 AM","630.67","630.67"
"1000215497","PRI","30-Jul-2022 12:00:00 AM","8444.97","8444.97"
"1000215497","INT","30-Jul-2022 12:00:00 AM","2458.03","2458.03"
"1000209773","PRI","28-Jul-2022 12:00:00 AM","18482.55","18482.55"
"1000209773","INT","28-Jul-2022 12:00:00 AM","7712.45","7712.45"
"1000215999","PRI","31-Jul-2022 12:00:00 AM","15958.84","0"
"1000215999","INT","31-Jul-2022 12:00:00 AM","14160.16","0"
"1000212474","PRI","25-Jul-2022 12:00:00 AM","19275.68","19275.68"
"1000212474","INT","25-Jul-2022 12:00:00 AM","2408.32","2408.32"
"1000209757","PRI","25-Jul-2022 12:00:00 AM","8925.9","8924.44"
"1000209757","INT","25-Jul-2022 12:00:00 AM","1206.1","1206.1"
"1000217492","PRI","25-Jul-2022 12:00:00 AM","7618.62","7618.62"
"1000217492","INT","25-Jul-2022 12:00:00 AM","8661.38","8661.38"
"1000219029","PRI","25-Jul-2022 12:00:00 AM","4767.45","4767.45"
"1000219029","INT","25-Jul-2022 12:00:00 AM","14517.55","14517.55"
"1000215443","PRI","24-Jul-2022 12:00:00 AM","4933.45","4933.45"
"1000215443","INT","24-Jul-2022 12:00:00 AM","4082.55","4082.55"
"1000215756","PRI","23-Jul-2022 12:00:00 AM","10856.41","10856.41"
"1000215756","INT","23-Jul-2022 12:00:00 AM","9632.59","9632.59"
"1000217444","PRI","20-Jul-2022 12:00:00 AM","14525.65","14525.65"
"1000217444","INT","20-Jul-2022 12:00:00 AM","6258.35","6258.35"
"1000206413","PRI","30-Jul-2022 12:00:00 AM","17245.36","17245.36"
"1000206413","INT","30-Jul-2022 12:00:00 AM","3484.64","3484.64"
"1000207461","PRI","24-Jul-2022 12:00:00 AM","13232.8","13232.8"
"1000207461","INT","24-Jul-2022 12:00:00 AM","459.2","459.2"
"1000207851","PRI","21-Jul-2022 12:00:00 AM","24476.48","24476.48"
"1000207851","INT","21-Jul-2022 12:00:00 AM","1296.52","1296.52"
"1000209196","PRI","21-Jul-2022 12:00:00 AM","16225.9","16225.9"
"1000209196","INT","21-Jul-2022 12:00:00 AM","1815.1","1815.1"
"1000210208","PRI","21-Jul-2022 12:00:00 AM","14006.21","14006.21"
"1000210208","INT","21-Jul-2022 12:00:00 AM","2205.79","2205.79"
"1000212084","PRI","21-Jul-2022 12:00:00 AM","8637.2","8637.2"
"1000212084","INT","21-Jul-2022 12:00:00 AM","3443.8","3443.8"
"1000213881","PRI","21-Jul-2022 12:00:00 AM","16491.73","16491.73"
"1000213881","INT","21-Jul-2022 12:00:00 AM","11542.27","11542.27"
"1000215238","PRI","21-Jul-2022 12:00:00 AM","9312.36","9312.36"
"1000215238","INT","21-Jul-2022 12:00:00 AM","7198.64","7198.64"
"1000215245","PRI","21-Jul-2022 12:00:00 AM","14324.43","14324.43"
"1000215245","INT","21-Jul-2022 12:00:00 AM","12934.57","12934.57"
"1000216791","PRI","16-Jul-2022 12:00:00 AM","12196.2","12196.2"
"1000216791","INT","16-Jul-2022 12:00:00 AM","6448.8","6448.8"
"1000216825","PRI","18-Jul-2022 12:00:00 AM","4219.29","4219.29"
"1000216825","INT","18-Jul-2022 12:00:00 AM","8373.71","8373.71"
"1000217933","PRI","18-Jul-2022 12:00:00 AM","8887.84","7406.54"
"1000217933","INT","18-Jul-2022 12:00:00 AM","8562.16","8562.16"
"1000215702","PRI","16-Jul-2022 12:00:00 AM","9726.4","9726.4"
"1000215702","INT","16-Jul-2022 12:00:00 AM","4141.6","4141.6"
"1000207631","PRI","30-Jul-2022 12:00:00 AM","10119.78","10119.78"
"1000207631","INT","30-Jul-2022 12:00:00 AM","351.22","351.22"
"1000203791","PRI","19-Jul-2022 12:00:00 AM","7561.73","7561.73"
"1000203791","INT","19-Jul-2022 12:00:00 AM","763.27","763.27"
"1000216610","PRI","15-Jul-2022 12:00:00 AM","2172.67","2172.67"
"1000216610","INT","15-Jul-2022 12:00:00 AM","357.33","357.33"
"1000212761","CBR","19-Jul-2022 12:00:00 AM","21442.26","21442.26"
"1000213523","PRI","20-Jul-2022 12:00:00 AM","18857.96","18857.96"
"1000213523","INT","20-Jul-2022 12:00:00 AM","21982.04","21982.04"
"1000213260","PRI","20-Jul-2022 12:00:00 AM","20073.11","20073.11"
"1000213260","INT","20-Jul-2022 12:00:00 AM","6385.89","6385.89"
"1000205212","PRI","20-Jul-2022 12:00:00 AM","15221.82","15221.82"
"1000205212","INT","20-Jul-2022 12:00:00 AM","2427.18","2427.18"
"1000208777","PRI","20-Jul-2022 12:00:00 AM","22495.26","15923.45"
"1000208777","INT","20-Jul-2022 12:00:00 AM","2158.74","2158.74"
"1000217480","PRI","20-Jul-2022 12:00:00 AM","5697.75","5697.75"
"1000217480","INT","20-Jul-2022 12:00:00 AM","6536.25","6536.25"
"1000219055","PRI","20-Jul-2022 12:00:00 AM","4181.65","4181.65"
"1000219055","INT","20-Jul-2022 12:00:00 AM","12735.35","12735.35"
"1000219173","PRI","20-Jul-2022 12:00:00 AM","35743.31","35743.31"
"1000219173","INT","20-Jul-2022 12:00:00 AM","12923.69","12923.69"
"1000219076","PRI","20-Jul-2022 12:00:00 AM","4101.86","4101.86"
"1000219076","INT","20-Jul-2022 12:00:00 AM","10345.14","10345.14"
"1000218747","PRI","20-Jul-2022 12:00:00 AM","11375.99","11375.99"
"1000218747","INT","20-Jul-2022 12:00:00 AM","8851.01","8851.01"
"1000214720","PRI","20-Jul-2022 12:00:00 AM","26724.51","0"
"1000214720","INT","20-Jul-2022 12:00:00 AM","9329.49","0"
"1000217234","PRI","20-Jul-2022 12:00:00 AM","7167.27","7167.27"
"1000217234","INT","20-Jul-2022 12:00:00 AM","9780.73","9780.73"
"1000219041","PRI","20-Jul-2022 12:00:00 AM","5417.43","5417.43"
"1000219041","INT","20-Jul-2022 12:00:00 AM","8855.57","8855.57"
"1000215999","CCF","04-Jul-2022 12:00:00 AM","1000","0"
"1000213760","PRI","31-Jul-2022 12:00:00 AM","3320.01","3320.01"
"1000213760","INT","31-Jul-2022 12:00:00 AM","2178.99","2178.99"
"1000213770","INT","31-Jul-2022 12:00:00 AM","2178.99","2178.99"
"1000213770","PRI","31-Jul-2022 12:00:00 AM","3320.01","3320.01"
"1000210364","PEN","31-Jul-2022 12:00:00 AM","103.74","103.74"
"1000216382","PEN","30-Jul-2022 12:00:00 AM","295.84","295.84"
"1000217763","PEN","30-Jul-2022 12:00:00 AM","208.66","208.66"
"1000215497","PEN","30-Jul-2022 12:00:00 AM","145.37","145.37"
"1000217278","PRI","30-Jul-2022 12:00:00 AM","17318.89","16592.28"
"1000217278","INT","30-Jul-2022 12:00:00 AM","19168.11","19168.11"
"1000217278","BC ","26-Jul-2022 12:00:00 AM","20","20"
"1000216449","PRI","23-Jul-2022 12:00:00 AM","6628.33","6628.33"
"1000216449","INT","23-Jul-2022 12:00:00 AM","12260.67","12260.67"
"1000214767","PRI","24-Jul-2022 12:00:00 AM","6626.19","6626.19"
"1000214767","INT","24-Jul-2022 12:00:00 AM","9369.81","9369.81"
"1000215288","PRI","25-Jul-2022 12:00:00 AM","15219.11","15219.11"
"1000215288","INT","25-Jul-2022 12:00:00 AM","12721.89","12721.89"
"1000215033","PRI","24-Jul-2022 12:00:00 AM","4165.19","4165.19"
"1000215033","INT","24-Jul-2022 12:00:00 AM","3210.81","3210.81"
"1000216470","PRI","24-Jul-2022 12:00:00 AM","15226.25","0"
"1000216470","INT","24-Jul-2022 12:00:00 AM","9376.75","0"
"1000217568","PRI","25-Jul-2022 12:00:00 AM","17766.03","17766.03"
"1000217568","INT","25-Jul-2022 12:00:00 AM","8965.97","8965.97"
"1000203791","PEN","19-Jul-2022 12:00:00 AM","83.23","83.23"
"1000207517","BC ","29-Jul-2022 12:00:00 AM","20","20"
"1000212796","BC ","29-Jul-2022 12:00:00 AM","20","20"
"1000203996","PRI","30-Jul-2022 12:00:00 AM","21829.86","14065.67"
"1000203996","INT","30-Jul-2022 12:00:00 AM","2269.14","2269.14"
"1000208611","PRI","30-Jul-2022 12:00:00 AM","23194.28","0"
"1000208611","INT","30-Jul-2022 12:00:00 AM","1800.72","83.28"
"1000215911","PRI","31-Jul-2022 12:00:00 AM","662.8","662.8"
"1000215911","INT","31-Jul-2022 12:00:00 AM","25.2","25.2"
"1000215813","CCF","29-Jul-2022 12:00:00 AM","1000","0"
"1000213677","INS","29-Jul-2022 12:00:00 AM","34286.25","34286.25"
"1000213648","INS","29-Jul-2022 12:00:00 AM","10004","10004"
"1000216648","PRI","15-Jul-2022 12:00:00 AM","4313.73","4313.73"
"1000216648","INT","15-Jul-2022 12:00:00 AM","588.27","588.27"
"1000216648","PRI","31-Jul-2022 12:00:00 AM","4372.56","4372.56"
"1000216648","INT","31-Jul-2022 12:00:00 AM","529.44","529.44"
"1000217163","PRI","15-Jul-2022 12:00:00 AM","2099.12","2099.12"
"1000217163","INT","15-Jul-2022 12:00:00 AM","378.88","378.88"
"1000217163","PRI","30-Jul-2022 12:00:00 AM","2130.69","2130.69"
"1000217163","INT","30-Jul-2022 12:00:00 AM","347.31","347.31"
"1000213842","PRI","18-Jul-2022 12:00:00 AM","10770.71","10770.71"
"1000213842","INT","18-Jul-2022 12:00:00 AM","4865.29","4865.29"
"1000213760","PEN","31-Jul-2022 12:00:00 AM","73.32","73.32"
"1000213770","PEN","31-Jul-2022 12:00:00 AM","73.32","73.32"
"1000214299","PEN","31-Jul-2022 12:00:00 AM","115.15","115.15"
"1000216583","PEN","15-Jul-2022 12:00:00 AM","313.82","313.82"
"1000216583","PEN","31-Jul-2022 12:00:00 AM","49.55","49.55"
"1000218624","PEN","31-Jul-2022 12:00:00 AM","140.99","140.99"
"1000212194","PRI","31-Jul-2022 12:00:00 AM","14861.4","14861.4"
"1000212194","INT","31-Jul-2022 12:00:00 AM","6299.6","6299.6"
"1000213454","PRI","30-Jul-2022 12:00:00 AM","45127.92","45127.92"
"1000213454","INT","30-Jul-2022 12:00:00 AM","9436.08","9436.08"
"1000213454","INS","25-Jul-2022 12:00:00 AM","27199.54","27199.54"
"1000217101","PEN","15-Jul-2022 12:00:00 AM","8.35","8.35"
"1000218107","PRI","31-Jul-2022 12:00:00 AM","5413.65","5413.65"
"1000218107","INT","31-Jul-2022 12:00:00 AM","6657.35","6657.35"
"1000216627","CCF","20-Jul-2022 12:00:00 AM","500","500"
"1000216337","CCF","20-Jul-2022 12:00:00 AM","500","500"
"1000213693","INS","20-Jul-2022 12:00:00 AM","10272.03","10272.03"
"1000217370","BC ","20-Jul-2022 12:00:00 AM","50","50"
"1000214977","BC ","20-Jul-2022 12:00:00 AM","20","20"
"1000214654","PRI","16-Jul-2022 12:00:00 AM","11449.83","0"
"1000214654","INT","16-Jul-2022 12:00:00 AM","9274.17","0"
"1000216869","BC ","20-Jul-2022 12:00:00 AM","20","20"
"1000211956","PRI","21-Jul-2022 12:00:00 AM","43523.4","0"
"1000211956","INT","21-Jul-2022 12:00:00 AM","4015.6","0"
"1000210160","PRI","21-Jul-2022 12:00:00 AM","10381.72","8961.64"
"1000210160","INT","21-Jul-2022 12:00:00 AM","1735.28","1735.28"
"1000210569","PRI","21-Jul-2022 12:00:00 AM","10670.43","0"
"1000210569","INT","21-Jul-2022 12:00:00 AM","5147.57","0"
"1000217457","PRI","21-Jul-2022 12:00:00 AM","9703.71","9703.71"
"1000217457","INT","21-Jul-2022 12:00:00 AM","5494.29","5494.29"
"1000216135","PRI","21-Jul-2022 12:00:00 AM","14699.29","14699.29"
"1000216135","INT","21-Jul-2022 12:00:00 AM","13985.71","13985.71"
"1000216786","INT","04-Jul-2022 12:00:00 AM","8563.6","8563.6"
"1000208467","PRI","30-Jul-2022 12:00:00 AM","7731.69","7731.69"
"1000208467","INT","30-Jul-2022 12:00:00 AM","600.31","600.31"
"1000217775","PRI","15-Jul-2022 12:00:00 AM","1994","1994"
"1000217775","INT","15-Jul-2022 12:00:00 AM","536","536"
"1000217775","PRI","31-Jul-2022 12:00:00 AM","2029.73","2029.73"
"1000217775","INT","31-Jul-2022 12:00:00 AM","500.27","500.27"
"1000207711","PEN","30-Jul-2022 12:00:00 AM","1331.31","1331.31"
"1000211751","PEN","31-Jul-2022 12:00:00 AM","1539.41","1539.41"
"1000217278","PEN","30-Jul-2022 12:00:00 AM","1094.61","1094.61"
"1000215467","PEN","30-Jul-2022 12:00:00 AM","269.87","269.87"
"1000216264","PEN","30-Jul-2022 12:00:00 AM","40.01","40.01"
"1000216470","PEN","24-Jul-2022 12:00:00 AM","1640.2","1640.2"
"1000216815","PEN","31-Jul-2022 12:00:00 AM","31.64","31.64"
"1000212372","PEN","31-Jul-2022 12:00:00 AM","809.6","809.6"
